Text,Pop_Extracted,Pop_Status,Pop_Precision,Int_Extracted,Int_Status,Int_Precision,Out_Extracted,Out_Status,Out_Precision
"Comparison of budesonide Turbuhaler with budesonide aqua in the treatment of seasonal allergic rhinitis . Rhinocort Study Group . OBJECTIVE To compare the effect of budesonide Turbuhaler 400 microg/day with budesonide aqua 256 microg/day in the treatment of seasonal allergic rhinitis ( SAR ) . Secondarily to ascertain patients ' preferences for the two nasal devices and to assess quality of life . DESIGN Randomized , multicentre , double-blind , double- dummy , parallel groups study . SETTING Private practices and hospital clinics in Ontario , Quebec and Manitoba . POPULATION Two hundred and eighty-four out-patients with SAR , who were symptomatic during the ragweed season , volunteered for enrolment ( 243 randomized ) . RESULTS Mean daily nasal symptom scores were significantly reduced with treatment . There were no statistically significant changes from baseline for eye symptoms . Most patients ( more than 80 % ) achieved substantial control of their symptoms with budesonide . The most common nasal and non-nasal adverse events for both groups were epistaxis and headache . Turbuhaler was easier to use and more convenient to carry , had less of an unpleasant taste , and caused less nasal irritation than the aqua spray . More than twice as many patients preferred Turbuhaler to the aqua spray ( 69 % versus 31 % ) . Improvement in quality of life from baseline to clinic visits was statistically significant in both groups . CONCLUSION Once daily use of 256 mg of budesonide aqua and 400 mg of budesonide Turbuhaler are equally safe and efficacious in the treatment of SAR . Patients preferred the budesonide powder formulation delivered via Turbuhaler two to one over the aqua formulation .",Two hundred and eighty-four out-patients with SAR,Hit (Relaxed),1.0,budesonide Turbuhaler 400 microg/day,Hit (Relaxed),1.0,substantial control of their symptoms,Hallucinated,0.0
"Anti-emetic efficacy of prophylactic granisetron compared with perphenazine for the prevention of post-operative vomiting in children . We have compared the efficacy of granisetron with perphenazine in the prevention of vomiting after tonsillectomy with or without adenoidectomy in children . In a prospective , randomized , double-blind study , 90 paediatric patients , ASA I , aged 4-10 years , received granisetron 40 mg kg-1 or perphenazine 70 mg kg-1 ( n = 45 each ) intravenously immediately after an inhalation induction of anaesthesia . A standard general anaesthetic technique was employed throughout . A complete response , defined as no emesis with no need for another rescue antiemetic , during the first 3 h ( 0-3 h ) after anesthesia was 87 % with granisetron and 78 % with perphenazine ( P = 0.204 ) . The corresponding incidence during the next 21 h ( 3-24 h ) after anaesthesia was 87 % and 62 % ( P = 0.007 ) . No clinically serious adverse events were observed in any of the groups . We conclude that granisetron is a better anti-emetic than perphenazine for the long-term prevention of post-operative vomiting in children undergoing general anaesthesia for tonsillectomy .",children,Hit (Relaxed),1.0,granisetron,Hit (Relaxed),1.0,prevention of post-operative vomiting,Hit (Relaxed),1.0
"The role of somatostatin ( octreotide ) in the regulation of melatonin secretion in healthy volunteers and in patients with primary hypothyroidism . Somatostatin has been found in the pineal gland of several animal species , which suggests that it may be involved in the regulation of melatonin secretion . Whether somatostatin has regulatory influence on melatonin secretion in man has never been unequivocally shown . We studied the nocturnal melatonin secretion in 8 healthy volunteers , and 6 women with untreated primary hypothyroidism , a disease state that is associated with increased nocturnal secretion of melatonin . The participants were given subcutaneous injections at 18:00 h and 23:00 h of either saline or octreotide ( Sandostatin ; each injection 50 microg ) . During the nights when the healthy volunteers were given octreotide , melatonin secretion was similar to that recorded during administration of saline . Also the urinary excretion of melatonin was of similar magnitude at these two occasions . By contrast , the GH secretion was significantly lower the nights the healthy controls were given octreotide ( GH AUC 22.6+/-5.4 mU/l x h during octreotide and 126.6+/-21.9 mU/l x h during saline ; p < 0.01 ) . The patients with hypothyroidism also showed similar nocturnal melatonin secretion during octreotide and saline . Urinary excretion of melatonin also remained unchanged , as did GH secretion . The total nocturnal secretion of TSH was , however , significantly reduced by octreotide ( TSH AUC 562+/-136 mU/l x h during octreotide and 851+/-185 mU/l x h during saline ; p < 0.05 ) , thus suggesting that 100 microg of octreotide should be sufficient to inhibit also the pinealocytes if their function were regulated by somatostatin . Since exogenous somatostatin -- in the form of octreotide -- fails to influence nocturnal secretion and urinary excretion of melatonin in normal subjects and in patients with primary hypothyroidism , it is reasonable to assume that endogenous somatostatin may not be an important regulator of melatonin secretion in man .",healthy volunteers,Hit (Relaxed),1.0,octreotide (Sandostatin),Hit (Relaxed),1.0,melatonin secretion,Hit (Relaxed),1.0
"Effects of soy intake on sex hormone metabolism in premenopausal women . Studies suggest that phytoestrogens in soy products may impart hormonal effects that protect women against breast cancer . Limited research suggests that intake of soy products high in isoflavonoid phytoestrogens affects sex hormone metabolism , but it is unknown whether phytoestrogens in soy have any effect on menstrual function or serum sex hormones in women on common hormone therapies , such as oral contraceptives ( OC ) . We studied the effects of soy in 36 premenopausal women , 20 of whom used OC . Subjects consumed their normal diet for two menstrual cycles and added a soy beverage containing 20 g of protein and 38 mg of total isoflavones to their usual diet for another two menstrual cycles . No significant differences were observed in serum estrone , estradiol , sex hormone-binding globulin , dehydroepiandrosterone sulfate , prolactin , or progesterone concentrations with soy feeding in the non-OC or the OC group . No changes in menstrual cycle length or the urinary estrogen metabolite ratio of 2-hydroxyestrone to 16 alpha-hydroxyestrone were seen with soy feeding in the non-OC or the OC group . Levels of urinary estrogen metabolites were significantly different between the non-OC and the OC group . Thus soy consumption had no significant effect on the menstrual cycle , serum sex hormones , or urinary estrogen metabolite ratio in premenopausal OC or non-OC users .",premenopausal women,Hit (Relaxed),1.0,soy intake,Hit (Relaxed),1.0,sex hormone metabolism,Hit (Relaxed),1.0
"Clinical effects of root instrumentation using conventional steel or non-tooth substance removing plastic curettes during supportive periodontal therapy ( SPT ) . Although root instrumentation has been accepted as the most important cause-related treatment of periodontal diseases , repeated scaling and root planing may over time result in substantive loss of tooth substance and increased sensitivity of the teeth . In an effort to minimize these side effects of therapy , non-root substance removing curettes have been developed . However , the clinical effects of such plastic curettes with regard to the control of the periodontal infection has not yet been established . The aims of this study were , therefore , to compare the effects of root instrumentation using plastic curettes ( Universal Perio Soft Scaler , Hawe-Neos Dental , Bioggio , TI , Switzerland ) versus conventional steel curettes on the periodontal conditions during supportive periodontal therapy . 40 subjects participated in this parallel , randomized , double blind , prospective longitudinal clinical study following active peridontal therapy . 20 subjects served as a control group and were treated with conventional steel curettes during a supportive periodontal care visit ( SPT ) . The other 20 subjects , the experimental group , were treated using plastic curettes during a similar SPT visit . Clinical parameters , such as bleeding on probing ( BOP ) and probing pocket depth ( PPD ) , were assessed at baseline and 3-6 months later at the next regular SPT visit . In addition , the BOP percentage was determined 10 days following baseline . The results showed that there were no statistically significant differences between the 2 treatment modalities regarding BOP and PPD at any observation time . Both treatments were effective in reducing the BOP percentage which ranged from 17-42 % at baseline by about 40 % after 10 days ( mean BOP baseline : 26 % , mean BOP after 10 days : 16 % ) . This clinical study suggests that non-root substance removing curettes may be valuable instruments for periodontally treated patients during maintenance care , thus minimizing trauma on the hard structures of the teeth .",40 subjects,Hit (Relaxed),1.0,"root instrumentation using plastic curettes (Universal Perio Soft Scaler, Hawe-Neos Dental, Bioggio, TI, Switzerland) versus conventional steel curettes",Hit (Relaxed),1.0,bleeding on probing (BOP) and probing pocket depth (PPD),Hit (Relaxed),1.0
[ Improving wound healing after nose surgery by combined administration of xylometazoline and dexpanthenol ] . BACKGROUND The aim of this study was the examination of efficacy and tolerability of an application-form of the new combination of Xylometazoline with Dexpanthenol ( Nasic ) versus Xylometazoline alone . PATIENTS AND METHODS Randomized verum controlled parallel-group-comparison of two weeks treatment of a nasal-spray . 61 inpatients with the diagnosis Rhinitis following nasal operation were included in this study and 30 patients were treated with verum and placebo each . The assessment of nasal-breathing-resistance according to scores was defined as target-parameter . Confirmatory statistical analysis was carried out according to Wilcoxon-Mann-Whitney-U two-sided at alpha < or = 0.05 . MAIN OUTCOME MEASURE The superiority of the combination of Xylometazoline-Dexpanthenol nasal-spray versus Xylometazoline nasal spray could be proven for the target-parameter as clinically relevant and statistically significant . The clinically proven efficacy is emphasized by good tolerability of both treatments . Due to easy handling of the nasal-spray a good compliance was confirmed . CONCLUSION Distinct improvement of symptoms in patients following nasal operations underlines the efficacy of both medications . With respect to the tolerability therapy with the combination is more beneficial in comparison to the alternative therapy . The result of this controlled clinical study confirms that the combination Xylometazoline-Dexpanthenol is an enlargement and improvement of effective medicinal treatment of rhinitis following nasal operation in comparison to therapy with Xylometazoline alone .,patients following nasal operations,Hit (Relaxed),1.0,Xylometazoline-Dexpanthenol nasal-spray,Hit (Relaxed),1.0,distinct improvement of symptoms,Hit (Relaxed),1.0
"Intrathecal morphine suppresses NK cell activity following abdominal surgery . PURPOSE The effects of morphine on natural killer ( NK ) cell activity were investigated in patients who underwent hysterectomy . METHODS Forty patients were divided into four groups of ten . The groups received intrathecal 0.5 mg morphine ( Group IT0.5 ) , intrathecal 0.1 mg morphine ( Group IT0.1 ) or 10 mg morphine i.v . ( Group IV ) . The remaining ten patients served as controls and received inhalation anesthesia alone ( Group C ) . Blood samples were withdrawn before and two hours after surgery and on postoperative days one and two to determine the blood NK cell activity using a chromium release assay with K562 cells as targets , plasma catecholamines and cortisol levels . The postoperative pain score and side effects were studied in the four groups . RESULTS In Group IT0.5 , the NK cell activity was lower on postoperative day 1 ( 23.9 +/- 8.4 % ) than the baseline level ( 45.7 +/- 13 % ) before surgery , and recovered on postoperative day 2 . In Groups IT0.1 , C and IV , the NK cell activities showed no significant changes . In all four groups , neither plasma adrenaline nor noradrenaline concentrations changed . In all four groups , the plasma cortisol levels increased after surgery , on postoperative days 1 and 2 . The pain score was lower two hours after surgery and on postoperative day 1 in Group IT0.5 than in the other groups . CONCLUSION These results suggest that long-lasting analgesic effects of intrathecal 0.5 mg morphine suppress the immune response following abdominal surgery .",patients who underwent hysterectomy,Hit (Relaxed),1.0,intrathecal 0.5 mg morphine,Hit (Relaxed),1.0,NK cell activity,Hit (Relaxed),1.0
"Effects of low-dose aspirin on clinic and ambulatory blood pressure in treated hypertensive patients . Collaborative Group of the Primary Prevention Project ( PPP ) -- Hypertension study . Nonsteroidal antiinflammatory drugs may affect blood pressure ( BP ) control in hypertensive patients receiving drug treatment , but data on the effects of low-dose aspirin are scanty . This study assessed the effects of chronic treatment with low doses of aspirin ( 100 mg/day ) on clinic and ambulatory systolic ( SBP ) and diastolic ( DBP ) BP in hypertensives on chronic , stable antihypertensive therapy . The study was conducted in the framework of the Primary Prevention Project ( PPP ) , a randomized , controlled factorial trial on the preventive effect of aspirin or vitamin E in people with one or more cardiovascular risk factors . Fifteen Italian hypertension units studied 142 hypertensive patients ( 76 men , 66 women ; mean age 59 +/- 5.9 years ) treated with different antihypertensive drugs : 71 patients were randomized to aspirin and 71 served as controls . All patients underwent a clinic BP evaluation with an automatic sphygmomanometer and a 24-h ambulatory BP monitoring , at baseline and after 3 months of aspirin treatment . At the end of the study the changes in clinic SBP and DBP were not statistically different in treated and untreated subjects . Ambulatory SBP and DBP after 3 months of aspirin treatment were similar to baseline : deltaSBP -0.5 mmHg ( 95 % confidence intervals [ CI ] from -1.9 to +2.9 mm Hg ) and deltaDBP -1.1 mm Hg ( 95 % CI from -2.5 to +0.3 mm Hg ) . The pattern was similar in the control group . No interaction was found between aspirin and the most used antihypertensive drug classes ( angiotensin converting enzyme inhibitors and calcium antagonists ) . Despite the relatively small sample size our results seem to exclude any significant influence of low-dose aspirin on BP control in hypertensives under treatment .",treated hypertensive patients,Hit (Relaxed),1.0,low-dose aspirin (100 mg/day),Hit (Relaxed),1.0,clinic and ambulatory blood pressure,Hit (Relaxed),1.0
"Randomized trial of intensive early intervention for children with pervasive developmental disorder . Young children with pervasive developmental disorder were randomly assigned to intensive treatment or parent training . The intensive treatment group ( 7 with autism , 8 with pervasive developmental disorder not otherwise specified -- NOS ) averaged 24.52 hours per week of individual treatment for one year , gradually reducing hours over the next 1 to 2 years . The parent training group ( 7 with autism , 6 with pervasive developmental disorder NOS ) received 3 to 9 months of parent training . The groups appeared similar at intake on all measures ; however , at follow-up the intensive treatment group outperformed the parent training group on measures of intelligence , visual-spatial skills , language , and academics , though not adaptive functioning or behavior problems . Children with pervasive developmental disorder NOS may have gained more than those with autism .",children with pervasive developmental disorder,Hit (Relaxed),1.0,intensive treatment,Hit (Relaxed),1.0,intelligence,Hit (Relaxed),1.0
"Efficacy and safety of selamectin against fleas and heartworms in dogs and cats presented as veterinary patients in North America . A series of randomized , controlled , masked field studies was conducted to assess the efficacy and safety of selamectin in the treatment of flea infestations on dogs and cats , and in the prevention of heartworm infection in dogs . In addition , observations were made on the beneficial effect of selamectin treatment on dogs and cats showing signs of flea allergy dermatitis ( FAD ) . In all studies selamectin was applied topically , once per month , in unit doses providing a minimum dosage of 6mgkg ( -1 ) . Dogs and cats with naturally occurring flea infestations , some of which also had signs associated with FAD , were assigned randomly to receive three months of topical treatment with selamectin ( 220 dogs , 189 cats ) or a positive-control product ( dogs : fenthion , n=81 ; cats : pyrethrins , n=66 ) . Selamectin was administered on days 0 , 30 , and 60 . Day 0 was defined as the day that the animal first received treatment . Flea burdens were assessed by flea comb counts and clinical evaluations of FAD were performed before treatment , and on days 14 , 30 , 60 , and 90 . On days 30 , 60 , and 90 , mean flea counts in selamectin-treated dogs were reduced by 92.1 , 99.0 , and 99.8 % , and mean flea counts in fenthion-treated dogs were reduced by 81.5 , 86.8 , and 86.1 % , respectively , compared with day 0 counts . Also , on days 30 , 60 , and 90 , mean flea counts in selamectin-treated cats were reduced by 92.5 , 98.3 , and 99.3 % , and mean flea counts in pyrethrin-treated cats were reduced by 66.4 , 73.9 , and 81.3 % , respectively , compared with day 0 counts . Selamectin also was beneficial in alleviating signs in dogs and cats diagnosed clinically with FAD . A total of 397 dogs free of adult heartworm infection from four heartworm-endemic areas of the USA were allocated randomly to six months of treatment with selamectin ( n=298 ) or ivermectin ( n=99 ) . Selamectin achieved a heartworm prevention rate of 100 % , with all dogs testing negative for microfilariae and adult heartworm antigen on days 180 and 300 . Selamectin was administered to a total of 673 dogs and 347 cats having an age range of 6 weeks to 19 years ( 3954 doses ) . The animals included 19 purebred or crossbred Collies ( Bearded , Border , and unspecified ) . There were no serious adverse events . Results of these studies indicated that selamectin was highly effective in the control of flea infestations in dogs and cats without the need for simultaneous treatment of the environment or of in-contact animals and also was beneficial in alleviating signs associated with FAD . Selamectin also was 100 % effective in preventing the development of canine heartworms and was safe for topical use in dogs and cats .",dogs and cats presented as veterinary patients in North America,Hit (Relaxed),1.0,selamectin,Hit (Relaxed),1.0,"flea infestations on dogs and cats, and in the prevention of heartworm infection in dogs",Hallucinated,0.0
"Oral ciprofloxacin vs. intramuscular ceftriaxone as empiric treatment of acute invasive diarrhea in children . BACKGROUND Acute invasive diarrhea is a potentially serious condition in children . Because of the increasing resistance of enteric pathogens to commonly used oral antibiotics , intramuscular ceftriaxone has become the routine drug in the treatment of acute invasive diarrhea requiring an emergency visit in southern Israel . The inconvenience of this parenteral regimen created an increased need for oral pediatric formulations for the treatment of invasive diarrhea . OBJECTIVES To evaluate the efficacy and safety of a suspension formulation of ciprofloxacin in the treatment of acute invasive diarrhea in infants and children . PATIENTS AND METHODS From July 1996 through December 1997 , 201 evaluable children ages 6 months to 10 years ( 35 % < 1 year ; 70 % < 3 years ) presenting with acute invasive diarrhea at the Pediatric Emergency Room were randomized to receive either ciprofloxacin suspension ( 10 mg/kg twice a day + im placebo ; n = 95 ) or im ceftriaxone ( 50 mg/kg/day + placebo suspension ; n = 106 ) for 3 days in a double blind manner . Stool cultures for Shigella , Salmonella , Campylobacter spp . and diarrheagenic Escherichia coli were obtained on Days 1 , 3 , 4 to 5 and 21 +/- 5 . Clinical response and safety were assessed on Days 1 , 2 , 3 , 4 to 5 and 21 +/- 5 . RESULTS We isolated 127 pathogens from 121 ( 60 % ) patients : 73 ( 57 % ) Shigella ; 23 ( 18 % ) Salmonella ; 18 ( 14 % ) E. coli ; and 13 ( 10 % ) Campylobacter . Overall bacteriologic eradication on Day 4 to 5 was 99 % for Shigella , 77 % for Salmonella and 77 % for Campylobacter , with no difference between the 2 groups . Clinical cure or improvement was observed in 100 and 99 % of the ciprofloxacin and ceftriaxone groups , respectively . Serum ciprofloxacin values determined on Day 3 of the treatment were higher in the majority of patients than were the MIC50 and MIC90 values for the Shigella and Salmonella spp . isolated . Possible drug-related adverse events occurred in 13 patients [ ciprofloxacin , 8 ( 8 % ) ; ceftriaxone , 5 ( 4.7 % ) ] and were mild and transient . Joint examination was normal during and after completion of therapy in all patients . CONCLUSION Oral ciprofloxacin was as safe and effective as intramuscular ceftriaxone for the empiric treatment of acute invasive diarrhea in ambulatory pediatric patients requiring an emergency room visit .",children,Hit (Relaxed),1.0,oral ciprofloxacin vs. intramuscular ceftriaxone,Hit (Relaxed),1.0,acute invasive diarrhea,Hallucinated,0.0
"Effect of antipyretic drugs in children with malaria . A comparison of different antipyretics in children with malaria showed a small effect of naproxen , but not of metamizol , on the reduction of fever peaks . Antipyretic treatment had no effect on fever clearance and therefore should be used cautiously in the treatment of malaria .",children with malaria,Hit (Relaxed),1.0,naproxen,Hit (Relaxed),1.0,reduction of fever peaks,Hit (Relaxed),1.0
"Effect of the essential oils of garlic and onion on alimentary hyperlipemia . SUMMARY The effect of garlic and onion on alimentary hyperlipemia , induced by feeding 100 g butter , has been studied in 10 healthy subjects . The freshly extracted juice of 50 g of garlic or onion , as well as an equivalent amount of their ether-extracted essential oils , was administered randomly on four different days during a one-week period . Garlic and onion have a significant protective action against fat-induced increases in serum cholesterol and plasma fibrinogen and decreases in coagulation time and fibrinolytic activity . The essential oil fraction , which contains all the taste and odour , exactly duplicated the beneficial effects of whole garlic and onion . It is , therefore , concluded that the active principle of garlic and onion is the essential oil , which chemically is a combination of sulphur-containing compounds , mainly allyl propyl disulphide and diallyl disulphide .",10 healthy subjects,Hit (Relaxed),1.0,"the freshly extracted juice of 50 g of garlic or onion, as well as an equivalent amount of their ether-extracted essential oils",Hit (Relaxed),1.0,significant protective action against fat-induced increases in serum cholesterol and plasma fibrinogen and decreases in coagulation time and fibrinolytic activity,Hit (Relaxed),1.0
"Economic evaluation of aquatic exercise for persons with osteoarthritis . OBJECTIVES To estimate cost and outcomes of the Arthritis Foundation aquatic exercise classes from the societal perspective . DESIGN Randomized trial of 20-week aquatic classes . Cost per quality-adjusted life year ( QALY ) gained was estimated using trial data . Sample size was based on 80 % power to reject the null hypothesis that the cost/QALY gained would not exceed $ 50,000 . SUBJECTS AND METHODS Recruited 249 adults from Washington State aged 55 to 75 with a doctor-confirmed diagnosis of osteoarthritis to participate in aquatic classes . The Quality of Well-Being Scale ( QWB ) and Current Health Desirability Rating ( CHDR ) were used for economic evaluation , supplemented by the arthritis-specific Health Assessment Questionnaire ( HAQ ) , Center for Epidemiologic Studies-Depression Scale ( CES-D ) , and Perceived Quality of Life Scale ( PQOL ) collected at baseline and postclass . Outcome results applied to life expectancy tables were used to estimate QALYs . Use of health care facilities was assessed from diaries/questionnaires and Medicare reimbursement rates used to estimate costs . Nonparametric bootstrap sampling of costs/QALY ratios established the 95 % CI around the estimates . RESULTS Aquatic exercisers reported equal ( QWB ) or better ( CHDR , HAQ , PQOL ) health-related quality of life compared with controls . Outcomes improved with regular class attendance . Costs/QALY gained discounted at 3 % were $ 205,186 using the QWB and $ 32,643 using the CHRD . CONCLUSION Aquatic exercise exceeded $ 50,000 per QALY gained using the community-weighted outcome but fell below this arbitrary budget constraint when using the participant-weighted measure . Confidence intervals around these ratios suggested wide variability of cost effectiveness of aquatic exercise .",persons with osteoarthritis,Hit (Relaxed),1.0,aquatic exercise classes,Hit (Relaxed),1.0,cost and outcomes,Hit (Relaxed),1.0
"Why were the results of the Heart Outcomes Prevention Evaluation ( HOPE ) trial so astounding ? The Heart Outcomes Prevention Evaluation ( HOPE ) study was important because it showed the benefits of ramipril - an angiotensin-converting enzyme ( ACE ) inhibitor - in patients at high risk for cardiovascular events . Treatment with ramipril significantly reduced the rates of death , myocardial infarction , stroke , coronary revascularization , cardiac arrest and heart failure , as well as the risk of diabetes-related complications and of diabetes itself . The effects of therapy with vitamin E were also evaluated , but no statistical benefits were shown . The benefits of ACE inhibitor therapy that were observed were likely due to a variety of mechanisms , not just a reduction in blood pressure .",The patients or problem. Return null if none.,Hallucinated,0.0,ramipril,Hit (Relaxed),1.0,"death, myocardial infarction, stroke, coronary revascularization, cardiac arrest and heart failure",Hit (Relaxed),1.0
"Additive IOP-reducing effect of latanoprost in patients insufficiently controlled on timolol . PURPOSE To evaluate the effect on intraocular pressure ( IOP ) of switching from timolol to latanoprost or adding latanoprost to timolol in patients with open angle glaucoma or ocular hypertension where IOP is not adequately controlled with timolol . METHODS This was a 6-week , double-masked , randomised multi-centre study . 53 patients with primary open angle glaucoma , capsular glaucoma , or ocular hypertension with an IOP of at least 21 mmHg on current therapy were recruited . After a run-in period of at least 2 weeks on timolol , 5 mg/ml twice daily , patients were randomised to one of three groups . One group continued on timolol , one switched from timolol to latanoprost , 50 microg/ml once daily , and a third group received latanoprost in addition to timolol . The efficacy was evaluated by comparing IOP at 9 AM at baseline and after 6 weeks of treatment . RESULTS IOP at baseline and after 6 weeks of treatment ( mean +/- SEM ) were 24.2 +/- 0.9 and 23.8 +/- 1.0 mmHg ( n = 16 ) for patients continuing on timolol , 26.3 +/- 1.2 and 19.6 +/- 1.1 mmHg ( n = 17 ) for patients switching to latanoprost , and 23.2 +/- 1.0 and 17.5 +/- 0.8 mmHg ( n = 17 ) for patients with combined treatment . Adding latanoprost to timolol reduced IOP with 5.9 +/- 0.9 mmHg ( p < 0.001 ) and switching from timolol to latanoprost reduced IOP with 5.0 +/- 0.9 mmHg ( p < 0.001 ) , which caused in each group a significant IOP reduction of about 25 % . CONCLUSIONS The effect of latanoprost was additive to that of timolol , and a good effect on IOP reduction was also achieved by switching from timolol to latanoprost , suggesting that a switch in many patients is an effective alternative to combination treatment .",patients with open angle glaucoma or ocular hypertension where IOP is not adequately controlled with timolol,Hit (Relaxed),1.0,switching from timolol to latanoprost or adding latanoprost to timolol,Hit (Relaxed),1.0,IOP reduction,Hit (Relaxed),1.0
"Recurrent epithelial ovarian carcinoma : a randomized phase III study of pegylated liposomal doxorubicin versus topotecan . PURPOSE To compare the efficacy and safety of pegylated liposomal doxorubicin ( PLD ) and topotecan in patients with epithelial ovarian carcinoma that recurred after or did n't respond to first-line , platinum-based chemotherapy . PATIENTS AND METHODS Patients with measurable and assessable disease were randomized to receive either PLD 50 mg/m ( 2 ) as a 1-hour infusion every 4 weeks or topotecan 1.5 mg/m ( 2 ) /d for 5 consecutive days every 3 weeks . Patients were stratified prospectively for platinum sensitivity and for the presence or absence of bulky disease . RESULTS A total of 474 patients were treated ( 239 PLD and 235 topotecan ) . They comprised the intent-to-treat population . The overall progression-free survival rates were similar between the two arms ( P =.095 ) . The overall response rates for PLD and topotecan were 19.7 % and 17.0 % , respectively ( P =.390 ) . Median overall survival times were 60 weeks for PLD and 56.7 weeks for topotecan . Data analyzed in platinum-sensitive patients demonstrated a statistically significant benefit from PLD for progression-free survival ( P =.037 ) , with medians of 28.9 for PLD versus 23.3 weeks for topotecan . For overall survival , PLD was significantly superior to topotecan ( P =.008 ) , with a median of 108 weeks versus 71.1 weeks . The platinum-refractory subgroup demonstrated a nonstatistically significant survival trend in favor of topotecan ( P =.455 ) . Severe hematologic toxicity was more common with topotecan and was more likely to be associated with dosage modification , or growth factor or blood product utilization . CONCLUSION The comparable efficacy , favorable safety profile , and convenient dosing support the role of PLD as a valuable treatment option in this patient population .",epithelial ovarian carcinoma,Hallucinated,0.0,pegylated liposomal doxorubicin versus topotecan,Hit (Relaxed),1.0,progression-free survival rates,Hit (Relaxed),1.0
"Oral contraceptive use is associated with increased cardiovascular reactivity in nonsmokers . Women who smoke and take oral contraceptives ( OCs ) have significantly increased risk of cardiovascular disease , but the exact mechanismsfor the increased risk are not known . Cardiovascular reactivity to psychological stress may be one mechanism for the enhanced risk , but the small number of studies examining whether OC users who smoke have greater reactivity have produced mixed results . The purpose of this study was to examine the effect of chronic cigarette smoking , acute nicotine administration , and OC use on cardiovascular and lipid reactivity . Sixty healthy women , half of whom had been using OCs for at least the previous 6 months , participated in the study . Approximately two thirds were smokers and were randomized to be tested after either a 12-hr nicotine deprivation or administration of nicotine gum . One third were nonsmokers . Heart rate , blood pressure , and lipid measures were taken at rest , during a videotaped speech task , and during recovery from the task . Results indicated that , among OC nonusers , there was no effect of smoking status or nicotine administration on cardiovascular reactivity . However , among OC users , nonsmokers had significantly greater heart rate and diastolic blood pressure reactivity to stress . These data show that acute nicotine administration , in the form of nicotine gum , has no effect on cardiovascular or lipid stress reactivity in women . However OC use among nonsmoking women is associated with greater cardiovascular reactivity to stress .",nonsmokers,Hallucinated,0.0,oral contraceptives (OCs),Hit (Relaxed),1.0,cardiovascular disease,Hallucinated,0.0
"[ Neoton and thrombolytic therapy of myocardial infarction ] . AIM To evaluate neoton therapy effects in acute myocardial infarction ( MI ) on systolic function of the left ventricle , arrhythmia and clinical symptoms in patients on thrombolytic therapy ( TLT ) . MATERIAL AND METHODS 106 males with Q-MI entered the study . 47 received treatment without TLT and neoton , 30 patients received TLT with streptokinase preparations , 29 patients were given streptokinase preparations and neoton . Left ventricular systolic function was measured by echocardiography on day 1 , 3 , 7 , 14 , 21 and 28 ; arrhythmia was analysed at Holter monitoring in day 1 and 2 of MI . RESULTS TLT failed to arrest progression of left ventricular dilation by the end of the hospital stay . Patients given neoton in acute period of MI had no increase in the end systolic and diastolic volumes of the left ventricle in the course of the first months after MI onset . Antiarrhythmic action of neoton manifested on MI day 2 . CONCLUSION Neoton given to MI patients receiving TLT prevents progression of left ventricular systolic dysfunction and establishment of predictors of unfavourable outcome .",patients with Q-MI,Hit (Relaxed),1.0,neoton therapy,Hit (Relaxed),1.0,systolic function of the left ventricle,Hit (Relaxed),1.0
"Antioxidant supplementation and exercise-induced oxidative stress in the 60-year-old as measured by antipyrine hydroxylates . The effects of 12 weeks of antioxidant supplementation on exercise-induced oxidative stress were investigated in older adults ( 60 ( SE 1 ) years ; BMI 26 ( SE 1 ) kg/m ( 2 ) ) . Subjects were randomly divided in two groups : supplementation ( n 11 ) with 100 mg dl-alpha-tocopheryl acetate , 200 mg ascorbic acid , and 2 mg beta-carotene , and placebo ( n 9 ) . Before and after the 12 week supplementation period , subjects cycled for 45 min at submaximal intensity ( 50 % maximal workload capacity ) . Antipyrine was used as marker for oxidative stress . Antipyrine reacts quickly with hydroxyl radicals to form para- and ortho-hydroxyantipyrine . The latter metabolite is not formed in man through the mono-oxygenase pathway of cytochrome P450 . Daily supplementation significantly increased plasma concentrations of alpha-tocopherol and beta-carotene in the supplemented group ( Delta 14.4 ( SE 3.2 ) and 0.4 ( se 0.1 ) micromol/l ; P < 0.001 and P < 0.01 ) . No significant differences , within and between groups , were observed in the exercise-induced increase in the ratios para- and ortho-hydroxyantipyrine to antipyrine . In addition , supplementation did not affect the exercise-induced increase in thiobarbituric acid reactive substances in plasma . In conclusion , in 60-year-old subjects antioxidant supplementation had no effect on the exercise-induced increase in oxidative stress as measured by free radical products of antipyrine .",older adults ( 60 ( SE 1 ) years ; BMI 26 ( SE 1 ) kg/m ( 2 ) ),Hit (Relaxed),1.0,"antioxidant supplementation with 100 mg dl-alpha-tocopheryl acetate , 200 mg ascorbic acid , and 2 mg beta-carotene",Hit (Relaxed),1.0,exercise-induced increase in oxidative stress as measured by free radical products of antipyrine,Hit (Relaxed),1.0
"The course of depression in recent onset rheumatoid arthritis : the predictive role of disability , illness perceptions , pain and coping . BACKGROUND This study aimed to investigate the course of depression for patients with recently diagnosed rheumatoid arthritis ( RA ) and to investigate predictors of depression . METHODS Twenty-two patients with a history of recently diagnosed RA of less than 2 years were assessed on a variety of clinical outcome and process measures on six assessment occasions over a 21-month period . These 22 patients constituted the control group of a controlled trial and received standard outpatient clinic treatment during follow-up . RESULTS Patients became significantly more depressed over time . A set of five factors were found to consistently predict depression at the following assessment . These were initial level of depression , disability , pain , beliefs about the consequences of arthritis and coping strategies . CONCLUSIONS The results confirm the importance of psychological factors in early RA and their relative independence from physical findings . This is the first study to document the importance of illness perceptions in recent onset RA .",patients with recently diagnosed rheumatoid arthritis (RA),Hit (Relaxed),1.0,standard outpatient clinic treatment,Hit (Relaxed),1.0,depression,Hallucinated,0.0
"A pilot study on the effect of progressive muscle relaxation training of patients after stoma surgery . Eighteen patients who had undergone stoma surgery were assessed with respect to their anxiety level and self-reported quality of life ( QoL ) on three occasions ; namely , immediately after surgery , 5 weeks after surgery , and 10 weeks after surgery . The patients were randomised into a control group ( n = 10 ) and an experimental group ( n = 8 ) . A 20-min set of audiotaped instructions on progressive muscle relaxation training ( PMRT ) was given to the patients in the experimental group for home practice . Assessment instructions included the Chinese State-Trait Anxiety Inventory ( C-STAI ) , the Quality of Life Index for Colostomy ( QoL-Colostomy ) and the Hong Kong Chinese version of the World Health Organisation Quality of Life Scale ( WHOQoL ) . Results indicated that there was a significant decrease in both the C-STAI score ( F = 4.66 , P < 0.05 ) and the WHOQoL score ( F = 4.74 , P < 0.05 ) in the experimental group . Among the domains of WHOQoL , a significant difference was shown in physical health/independence and general perception of QoL , with the experimental group demonstrating better functioning . For the QoL-Colostomy , however , there was no significant difference between the control and experimental groups . The results suggest that the use of PMRT could enhance quality of life and decrease state anxiety in patients after stoma surgery .",patients after stoma surgery,Hit (Relaxed),1.0,progressive muscle relaxation training,Hit (Relaxed),1.0,quality of life,Hit (Relaxed),1.0
"Comparison of weakness progression in inclusion body myositis during treatment with methotrexate or placebo . We investigated whether 5 to 20mg per week oral methotrexate could slow down disease progression in 44 patients with inclusion body myositis in a randomized double-blind placebo-controlled study over 48 weeks . Mean change of quantitative muscle strength testing sum scores was the primary study outcome measure . Quantitative muscle strength testing sum scores declined in both treatment groups , -0.2 % for methotrexate and -3.4 % for placebo ( 95 % confidence interval = -2.5 % to +9.1 % for difference ) . There were also no differences in manual muscle testing sum scores , activity scale scores and patients ' own assessments after 48 weeks of treatment . Serum creatine kinase activity decreased significantly in the methotrexate group . We conclude that oral methotrexate did not slow down progression of muscle weakness but decreased serum creatine kinase activity .",44 patients with inclusion body myositis,Hit (Relaxed),1.0,methotrexate or placebo,Hit (Relaxed),1.0,mean change of quantitative muscle strength testing sum scores,Hit (Relaxed),1.0
"[ Limbal epithelial autograft transplantation in treatment of pterygium ] . OBJECTIVE To observe the therapeutic effects of limbal epithelial autograft transplantation and pterygium excision in the treatment of pterygium . METHODS A prospective randomized paired-eye trial was studied . There were 208 patients ( 229 eyes ) with initial pterygium , and they were allocated to two groups : excision of pterygium with limbal epithelial autograft transplantation surgery ( A group , 106 cases and 124 eyes ) and simple pterygium excision ( B group , 102 cases and 105 eyes ) . The criteria for recovery were corneal transparency with stable epithelial healing and no abnormal proliferation of pterygium-like tissue . The post-operative follow-up periods ranged from 18 approximately 28 ( 22.4 +/- 4.9 ) months . RESULTS Some of the patients lost follow-up . In the eyes followed up , 5 of 11 2 eyes ( 4.5 % ) in A group and 41 of 96 eyes ( 42.7 % ) in B group were recurred , the difference being very significant ( P < 0.001 ) . CONCLUSION To provide a new stem cell source , limbal epithelial autograft transplantation , for an injured limb us is a reasonable therapeutic method for the treatment of pterygium .",patients with initial pterygium,Hit (Relaxed),1.0,limbal epithelial autograft transplantation surgery,Hit (Relaxed),1.0,corneal transparency with stable epithelial healing and no abnormal proliferation of pterygium-like tissue,Hit (Relaxed),1.0
"Clinical performance of the Reichert AT550 : a new non-contact tonometer . The aim of the present study was to assess the level of accuracy for measurements of intra-ocular pressure ( IOP ) obtained with a new non-contact tonometer ( NCT ) the Reichert AT550 . Measurements were compared against those obtained with the Reichert Xpert Plus , Goldmann applanation tonometer and Perkins tonometer . Thirty-five university students were assessed with the four tonometers in a randomised order , with non-contact tonometry performed first . Each of the four measurement devices had its own trained clinical observer . Plots of differences of IOP as a function of the mean for each pair of instruments were obtained . No statistically significant differences were found when comparing the AT550 NCT with contact applanation tonometry ( AT ) ( p > 0.05 ) , displaying the closest level of agreement ( as represented by the lowest mean difference and the narrowest confidence interval ) with the Goldmann tonometer ( limits of agreement , 0.12+/-2.17 ) . In conclusion , readings of IOP with the AT550 NCT are clinically comparable with those obtained with Goldmann tonometry in a population with IOP within the normal range .",university students,Hit (Relaxed),1.0,Reichert AT550 non-contact tonometer,Hallucinated,0.0,intra-ocular pressure (IOP) measurements,Hallucinated,0.0
"Is a 2-week duration sufficient for stenting in endopyelotomy ? PURPOSE Internal stenting is an integral part of endopyelotomy . Studies in animals show good healing after 1 to 2 weeks of ureterotomy . Inherent stent related problems warrant a minimum possible duration of stenting without compromising the results of endopyelotomy . We performed a prospective randomized trial to evaluate the optimum duration of stenting after endopyelotomy . MATERIALS AND METHODS A total of 57 consecutive patients with primary ureteropelvic junction obstruction were randomized to undergo 7/14Fr internal endopyelotomy stent placement for 2 ( group 1 ) and 4 ( group 2 ) weeks . A symptom based questionnaire was administered to all patients at stent removal . Followup was done with diuretic scanning at 3 , 6 , 9 and 12 months and then yearly , and thereafter with diuretic renography . RESULTS In each group 26 patients were available for evaluation . The 2 groups were comparable in terms of age , sex , symptoms and ipsilateral glomerular filtration rate . Mean followup was 22.3 ( range 12 to 36 ) and 21.3 months ( range 12 to 35 ) in groups 1 and 2 , respectively . At the end of 1 year 24 group 1 ( 92.3 % ) and 23 group 2 ( 90.3 % ) patients had an improved drainage pattern . This difference was not significant . Stent related symptoms were present in a good proportion of patients in groups 1 and 2 but there was a significant difference in the incidence of urinary tract infections ( 11.5 % versus 38.1 % , p = 0.04 ) . Of the group 2 patients 64 % preferred 2 weeks of stenting . CONCLUSIONS Two weeks seems to be a sufficient duration to allow functional restoration across the ureteropelvic junction after endopyelotomy and decrease stent related complications .",57 consecutive patients with primary ureteropelvic junction obstruction,Hit (Relaxed),1.0,7/14Fr internal endopyelotomy stent placement for 2 (group 1) and 4 (group 2) weeks,Hit (Relaxed),1.0,improved drainage pattern,Hit (Relaxed),1.0
"Phase III study of concurrent chemoradiotherapy versus radiotherapy alone for advanced nasopharyngeal carcinoma : positive effect on overall and progression-free survival . PURPOSE Nasopharyngeal carcinoma ( NPC ) is a radiosensitive and chemosensitive tumor . This randomized phase III trial compared concurrent chemoradiotherapy ( CCRT ) versus radiotherapy ( RT ) alone in patients with advanced NPC . PATIENTS AND METHODS From December 1993 to April 1999 , 284 patients with 1992 American Joint Committee on Cancer stage III to IV ( M0 ) NPC were randomly allocated into two arms . Similar dosage and fractionation of RT was administered in both arms . The investigational arm received two cycles of concurrent chemotherapy with cisplatin 20 mg/m ( 2 ) /d plus fluorouracil 400 mg/m ( 2 ) /d by 96-hour continuous infusion during the weeks 1 and 5 of RT . Survival analysis was estimated by the Kaplan-Meier method and compared by the log-rank test . RESULTS Baseline patient characteristics were comparable in both arms . After a median follow-up of 65 months , 26.2 % ( 37 of 141 ) and 46.2 % ( 66 of 143 ) of patients developed tumor relapse in the CCRT and RT-alone groups , respectively . The 5-year overall survival rates were 72.3 % for the CCRT arm and 54.2 % for the RT-only arm ( P =.0022 ) . The 5-year progression-free survival rates were 71.6 % for the CCRT group compared with 53.0 % for the RT-only group ( P =.0012 ) . Although significantly more toxicity was noted in the CCRT arm , including leukopenia and emesis , compliance with the combined treatment was good . The second cycle of concurrent chemotherapy was refused by nine patients and was delayed for > or = 1 week for another nine patients . There were no treatment-related deaths in either arm . CONCLUSION We conclude that CCRT is superior to RT alone for patients with advanced NPC in endemic areas .",patients with advanced nasopharyngeal carcinoma,Hit (Relaxed),1.0,concurrent chemoradiotherapy versus radiotherapy alone,Hit (Relaxed),1.0,overall and progression-free survival,Hit (Relaxed),1.0
"Development of renal disease in people at high cardiovascular risk : results of the HOPE randomized study . In people with diabetes , renal disease tends to progress from microalbuminuria to clinical proteinuria to renal insufficiency . Little evidence has been published for the nondiabetic population . This study retrospectively analyzed changes of proteinuria over 4.5 yr in the HOPE ( Heart Outcomes and Prevention Evaluation ) study , which compared ramipril 's effects to placebo in 9297 participants , including 3577 with diabetes and 1956 with microalbuminuria . This report is restricted to 7674 participants with albuminuria data at baseline and at follow-up . Inclusion criteria were known vascular disease or diabetes plus one other cardiovascular risk factor , exclusion criteria included heart failure or known impaired left ventricular function , dipstick-positive proteinuria ( > 1+ ) , and serum creatinine > 2.3 mg/dl ( 200 microM ) . Baseline microalbuminuria predicted subsequent clinical proteinuria for the study participants overall ( adjusted odds ratio [ OR ] , 17.5 ; 95 % confidence interval [ CI ] , 12.6 to 24.4 ) , in participants without diabetes ( OR , 16.7 ; 95 % CI , 8.6 to 32.4 ) , and in participants with diabetes ( OR , 18.2 ; 95 % CI , 12.4 to 26.7 ) . Any progression of albuminuria ( defined as new microalbuminuria or new clinical proteinuria ) occurred in 1859 participants ; 1542 developed new microalbuminuria , and 317 participants developed clinical proteinuria . Ramipril reduced the risk for any progression ( OR , 0.87 ; 95 % CI , 0.78 to 0.97 ; P = 0.0146 ) . People without and with diabetes who are at high risk for cardiovascular disease are also at risk for a progressive rise in albuminuria . Microalbuminuria itself predicts clinical proteinuria in nondiabetic and in diabetic people . Ramipril prevents or delays the progression of albuminuria .",people at high cardiovascular risk,Hit (Relaxed),1.0,ramipril,Hit (Relaxed),1.0,progressive rise in albuminuria,Hit (Relaxed),1.0
"Conscious analgesia/sedation with remifentanil and propofol versus total intravenous anesthesia with fentanyl , midazolam , and propofol for outpatient colonoscopy . BACKGROUND This study tested the hypothesis that , for colonoscopy , analgesia/sedation with remifentanil and propofol might be more effective compared with anesthesia by intravenous administration of midazolam , fentanyl , and propofol . METHODS In a prospective , randomized trial , 100 adult patients received either conscious analgesia/sedation ( Sedation group ) or total intravenous anesthesia ( TIVA group ) . Analgesia/sedation was achieved by infusion of remifentanil ( 0.20 to 0.25 microg/kg/min ) and propofol in titrated doses . TIVA was induced by intravenous administration of fentanyl ( 2 microg/kg ) , midazolam ( 0.05 mg/kg ) and propofol ( dosage titrated ) . Cardiorespiratory parameters and bispectral index were monitored and recorded . The quality of the analgesia was assessed with a Numerical Pain Rating Scale ( NRS ) ; recovery level and return of psychomotor efficiency were evaluated with , respectively , the Aldrete scale and a Modified Post Anesthesia Discharge Scoring ( MPADS ) system . RESULTS Both groups of 50 patients were comparable with respect to demographic data , initial parameters , and duration of colonoscopy . All patients in the TIVA group found the colonoscopy painless ( NRS score 0 ) . In the Sedation group , the average pain intensity score was 0.4 ( 0.8 ) . There was a marked difference between the Sedation and TIVA groups with respect to the time from the end of the procedure until the maximum MPADS score was reached : respectively , -6.9 ( 4.0 ) versus 25.7 ( 8.4 ) minutes ( p < 0.001 ) . In the TIVA group , changes in mean arterial pressure and heart rate and signs of respiratory depression were significant ( p < 0.05 ) . CONCLUSIONS Combined administration of remifentanil and propofol for colonoscopy provides sufficient analgesia , satisfactory hemodynamic stability , minor respiratory depression , and rapid recovery , and allows patients to be discharged approximately 15 minutes after the procedure .",100 adult patients,Hit (Relaxed),1.0,conscious analgesia/sedation with remifentanil and propofol,Hit (Relaxed),1.0,"sufficient analgesia, satisfactory hemodynamic stability, minor respiratory depression, and rapid recovery",Hit (Relaxed),1.0
"Reduced platelet thromboxane formation after long-term administration of a dihydropyridine calcium channel blocker : a prospective , double-blind , placebo-controlled study with nitrendipine in borderline hypertensive patients with IDDM-type diabetes mellitus . Twenty-nine IDDM patients with borderline hypertension were randomly allocated to placebo or nitrendipine treatment . Nitrendipine was given orally at a dosage of 20 mg once daily over 4 weeks . Stimulated platelet thromboxane formation at rest and after standardized , non exhausting exercise was measured by standard methods . In addition , plasma levels of platelet factor 4 and aggregation responses to collagen and ADP were determined . In the treatment group thromboxane formation after stimulation with collagen ( 0.3 and 1.0 micrograms/ml ) and 1 mM arachidonic acid ( AA ) was reduced in the resting state . Exercise induced change of thromboxane synthesis in response to 1.0 micrograms/ml collagen was significantly lower as compared to placebo ( p < 0.05 ) . In parallel , PF4 plasma levels were significantly lowered ( p < 0.05 ) . Whole blood aggregation after collagen stimulation ( 1.0 micrograms/ml ) was reduced after 4 weeks of nitrendipine treatment , but ADP ( 5 microM ) induced aggregation was not . These effects of nitrendipine were not seen in platelet rich plasma . In conclusion long-term nitrendipine treatment may inhibit collagen dependent platelet activation in the blood of diabetic patients with borderline hypertension .",IDDM patients with borderline hypertension,Hit (Relaxed),1.0,nitrendipine treatment,Hit (Relaxed),1.0,reduced thromboxane formation,Hit (Relaxed),1.0
"Gastric dysrhythmia in infants with gastrointestinal diseases measured by epigastric impedance . BACKGROUND Gastrointestinal symptoms have been reported in association with myoelectrical dysrhythmia , where different types of gastric electrical activity have been described . These types of gastric myoelectrical activity and dysrhythmia can be measured by electrogastrography using cutaneous electrodes . Epigastric impedance is a non-invasive method used to study gastric emptying time and gastric phasic activity . At present no study of gastric dysrhythmia , measured with epigastric impedance , has been presented , and the purpose of the present study was to investigate gastric rhythms by means of impedance gastrography in control infants , compared to infants with different gastrointestinal diseases , before and after treatment of their disease . METHOD 21 patients ( age 0-2 months ) and 40 healthy infants ( age 0-2 months ) were investigated . The patients suffered from partial or total intestinal obstruction , necrotizing enterocolitis or pyloric stenosis.All infants were fasting and studied during periods of at least one hour . The patients were examined in the acute state and after treatment when possible . RESULTS A pathologic result was found in 90 % of the patients . A persistent phasic activity pattern was found in 19 of the 21 patients , high frequency phasic activity in 11 of the 21 patients . Short-term phasic activity was only found in 13 out of 40 of the normal infants ( 32.5 % ) . CONCLUSION Using epigastric impedance we found that infants with partial or total intestinal obstruction had gastric phasic activity , which was not found in the control infants . The origin of the gastric phasic activity patterns is unknown , but they may be related to electrical control activity .",infants with gastrointestinal diseases,Hit (Relaxed),1.0,epigastric impedance,Hit (Relaxed),1.0,gastric dysrhythmia,Hallucinated,0.0
"Prospective study of short and ultrashort regimens of gonadotropin-releasing hormone agonist in an in vitro fertilization program . OBJECTIVE To assess the usefulness of the ultrashort regimen of gonadotropin-releasing hormone agonist ( GnRH-a ) in ovulation induction in an in vitro fertilization ( IVF ) program . DESIGN A prospective randomized trial comparing short and ultrashort regimens of GnRH-a . SETTING Aberdeen Assisted Reproduction Unit . PATIENTS Forty-eight patients having IVF for the first time were randomized between the two protocols . MAIN OUTCOME MEASURES Response to ovarian stimulation and occurrence of spontaneous luteinizing hormone ( LH ) surges . RESULTS In ovulation induction , fertilization , and pregnancy rates the ultrashort regimen produces results that were no different to the short regimen but it did not always prevent an LH surge . CONCLUSION The ultrashort regimen can be a useful alternative for ovarian stimulation of patients undergoing IVF .",Forty-eight patients having IVF for the first time,Hit (Relaxed),1.0,short and ultrashort regimens of gonadotropin-releasing hormone agonist ( GnRH-a ),Hit (Relaxed),1.0,Response to ovarian stimulation and occurrence of spontaneous luteinizing hormone ( LH ) surges,Hit (Relaxed),1.0
"Long-term survival in a phase III , randomised study of topotecan versus paclitaxel in advanced epithelial ovarian carcinoma . BACKGROUND We have continued to monitor the survival of patients randomised in a previously reported multicentre phase III study of topotecan versus paclitaxel in patients with advanced epithelial ovarian cancer who had failed one prior platinum-based regimen . PATIENTS AND METHODS Patients with bidimensionally measurable disease were randomised to topotecan ( 1.5 mg/m ( 2 ) /day for 5 days ) or paclitaxel ( 175 mg/m ( 2 ) /day as a 3-h infusion ) every 21 days . Patients were eligible for treatment with the alternate therapy at third line . The European Organisation for Research and Treatment of Cancer Quality of Life ( EORTC QOL ) -C30 questionnaire was also used to measure eight symptoms at baseline and during each course ( pain , anorexia , diarrhoea , fatigue , nausea and vomiting , dyspnea , constipation and insomnia ) . RESULTS A total of 226 patients were evaluable for response . Demographic characteristics were similar in both treatment groups , as were results of the EORTC QOL-30 questionnaire . For the topotecan group , median time to progression was 18.9 weeks ( range < 1 to 92.6+ weeks ; 25 % censored ) , and , for paclitaxel , 14.7 weeks ( range < 1 to 137.3+ weeks ; 12.3 % censored ) ; P = 0.076 . At 4 years post-randomisation , median survival in the topotecan group was 63.0 weeks ( range < 1 to 238.4+ weeks ; 20.5 % censored ) and , for paclitaxel , 53.0 weeks ( range < 1 to 226.3+ weeks ; 12.3 % censored ) ; P = 0.44 . CONCLUSION Topotecan continues to demonstrate comparable efficacy and survival to paclitaxel with manageable and non-cumulative haematological toxicity . Non-haematological toxicity was generally mild for both groups . The long-term survival rate indicates substantial therapeutic benefit for this group of patients receiving topotecan at relapse of ovarian cancer .",patients with advanced epithelial ovarian cancer who had failed one prior platinum-based regimen,Hit (Relaxed),1.0,topotecan versus paclitaxel,Hit (Relaxed),1.0,long-term survival,Hallucinated,0.0
"Raising high-density lipoprotein in humans through inhibition of cholesteryl ester transfer protein : an initial multidose study of torcetrapib . OBJECTIVE The ability of the potent cholesteryl ester transfer protein ( CETP ) inhibitor torcetrapib ( CP-529,414 ) to raise high-density lipoprotein cholesterol ( HDL-C ) levels in healthy young subjects was tested in this initial phase 1 multidose study . METHODS AND RESULTS Five groups of 8 subjects each were randomized to placebo ( n=2 ) or torcetrapib ( n=6 ) at 10 , 30 , 60 , and 120 mg daily and 120 mg twice daily for 14 days . Torcetrapib was well tolerated , with all treated subjects completing the study . The correlation of plasma drug levels with inhibition ( EC50=43 nM ) was as expected based on in vitro potency ( IC50 approximately 50 nM ) , and increases in CETP mass were consistent with the proposed mechanism of inhibition . CETP inhibition increased with escalating dose , leading to elevations of HDL-C of 16 % to 91 % . Total plasma cholesterol did not change significantly because of a reduction in nonHDL-C , including a 21 % to 42 % lowering of low-density lipoprotein cholesterol at the higher doses . Apolipoprotein A-I and E were elevated 27 % and 66 % , respectively , and apoB was reduced 26 % with 120 mg twice daily . Cholesteryl ester content decreased and triglyceride increased in the nonHDL plasma fraction , with contrasting changes occurring in HDL . CONCLUSIONS These effects of CETP inhibition resemble those observed in partial CETP deficiency . This work serves as a prelude to further studies in subjects with low HDL , or combinations of dyslipidemia , in assessing the role of CETP in atherosclerosis .",healthy young subjects,Hit (Relaxed),1.0,"torcetrapib (CP-529,414)",Hit (Relaxed),1.0,elevations of HDL-C,Hallucinated,0.0
"A selective angiotensin receptor antagonist , Valsartan , produced regression of left ventricular hypertrophy associated with a reduction of arterial stiffness . We investigated whether a selective angiotensin II receptor blocker ( ARB ) would have a regressive effect on left ventricular hypertrophy ( LVH ) in patients on continuous ambulatory peritoneal dialysis ( CAPD ) . In a double-blind study , 24 CAPD patients with LVH [ left ventricular mass index ( LVMi ) > 110 g/m2 for women and LVMi > 137 g/m2 for men ] were randomized to 12 months ' administration of either the ARB valsartan ( n = 14 ) or a placebo ( n = 10 ) . The target blood pressure ( BP ) was 140/90 mmHg or lower in both groups . The following parameters were measured before and at the end of the study : aortic and large-artery compliance and arterial wave reflections [ pulse wave velocity ( PWV ) and augmentation index ( AI ) application tonometry ] and cardiac echocardiography . Periodically recorded were body weight , BP ( mercury sphygmomanometer ) , serum creatinine , electrolytes , complete blood cell counts , urine volume , drainage volume , and weekly creatinine clearance . Two-way analysis of variance for repeated measurements was used for statistical analysis . Systolic and diastolic BP were both reduced in patients treated with ARB . The LVMi was significantly reduced in patients treated with ARB ( to 121 +/- 4 from 145 +/- 5 ) but not in those receiving placebo ( to 137 +/- 3 from 152 +/- 3 , p < 0.05 ) . The decrease in LVMi was associated with a reduction in PWV and AI . In CAPD patients with LVH , ARB reduced LVMi in association with alterations in arterial hemodynamics .",CAPD patients with LVH,Hit (Relaxed),1.0,ARB valsartan,Hit (Relaxed),1.0,reduction in LVMi,Hit (Relaxed),1.0
"A pooled analysis of eastern cooperative oncology group and intergroup trials of adjuvant high-dose interferon for melanoma . PURPOSE Nearly 2000 patients with stage IIB and III melanoma have participated in four multicenter , randomized trials , conducted by the Eastern Cooperative Oncology Group and the Intergroup , investigating adjuvant high-dose IFN-alpha 2b therapy . The objectives of this study were to update the analyses of each individual trial and to analyze prognostic factors and treatment effects based on pooled data . EXPERIMENTAL DESIGN Survival and disease status were updated to April 2001 . Analysis of prognostic factors using optimized statistical models was based on data from patients in E1684 , E1690 , E1694 , and E2696 . Analysis of treatment effects versus observation ( Obs ) was based on data from 713 patients randomized to high-dose IFN-alpha 2b ( HDI ) or Obs in Trials E1684 and E1690 . RESULTS Updated analysis of E1684 , E1690 , and E1694 confirmed their original conclusions , now at median follow-up intervals of 2.1-12.6 years . Based on two-sided univariate log-rank analysis of pooled data from E1684 and E1690 ( median follow-up , 7.2 years ) , relapse-free survival ( RFS ) -but not overall survival ( OS ) -was significantly prolonged ( two-sided log-rank P value = 0.006 ) for patients treated with HDI versus Obs . Among all patients , prognostic factors that significantly negatively impacted RFS and OS included ulceration , recurrent disease at entry , enrollment in E1684 , and age > 49 years . Multivariate statistical models adjusting for these factors confirmed the statistically significant RFS benefit of HDI versus Obs but did not demonstrate a significant OS benefit in the pooled populations . CONCLUSIONS In patients with high-risk resected melanoma , HDI is effective adjuvant therapy with strong evidence for improved RFS and evidence for moderate improvement in OS based on two prospective randomized studies but not the pooled analysis . Analyses of predictors of relapse and response are now needed to improve the therapeutic value of this modality .",patients with stage IIB and III melanoma,Hit (Relaxed),1.0,adjuvant high-dose IFN-alpha 2b therapy,Hit (Relaxed),1.0,relapse-free survival (RFS) -but not overall survival (OS),Hit (Relaxed),1.0
"A randomized comparison of alternative techniques to achieve coronary sinus cannulation during biventricular implantation procedures . INTRODUCTION Biventricular pacing system implantation is a time-consuming and challenging procedure . A critical step in biventricular pacemaker implantation is coronary sinus ( CS ) cannulation . CS cannulation can be achieved either using dedicated guiding catheters ( guiding catheter alone positioning strategy , GCA ) or with the aid of an electrophysiology catheter advanced inside the guiding catheter ( electrophysiology catheter aided positioning strategy , EPA ) . AIM OF THE STUDY To evaluate whether the EPA technique is useful for reducing CS cannulation time compared to a conventional GCA technique . METHODS Thirty-four consecutive patients were randomly assigned to the GCA ( 18 patients ) or EPA ( 16 patients ) CS cannulation strategy . RESULTS Time to successful catheterization of CS was 5.0 +/- 2.4 min in the EPA group versus 10.1 +/- 5.4 min in the GCA group p = 0.004 . Fluoroscopy time was 4.6 +/- 2.3 min in the EPA group versus 9.2 +/- 4.9 min in the GCA group p = 0.004 . Total contrast dye volume to search and engage the CS ostium was 0.0 ml in the EPA group versus 14.3 +/- 3.4 ml in the GCA group p < 0.001 . CONCLUSIONS Cannulation of CS with the adjunct of an electrophysiology catheter to dedicated delivery systems significantly reduces procedural time , fluoroscopy time and contrast dye volume compared to a conventional strategy .",patients,Hit (Relaxed),1.0,electrophysiology catheter aided positioning strategy (EPA),Hit (Relaxed),1.0,"procedural time, fluoroscopy time and contrast dye volume",Hit (Relaxed),1.0
"Combined descriptive and explanatory information improves peers ' perceptions of autism . Authors examined the combined effects of descriptive and explanatory information on peers ' perceptions and behavioral intentions toward an unfamiliar child with autism . Children ( N = 576 ; M age = 10.06 ) were randomly assigned to view two videotapes of a boy engaging in typical and autistic behaviors receiving either descriptive ( AUT-D ) or descriptive and explanatory information ( AUT-D + E ) . Children responded to measures of attitudes ( Adjective Checklist ) and behavioral intentions ( Shared Activities Questionnaire ) . Children rated the typical boy more favorably than the boy showing autistic symptoms . When compared to descriptive information alone , the combination of descriptive and explanatory information resulted in improved third- and fourth-graders ' but not fifth-graders ' attitudes toward the child with autism . Combined information improved behavioral intentions across grades ; however , girls ( vs. boys ) were more responsive to information as evidenced by differences in academic intentions . The combination of descriptive and explanatory information about autism appears to have a positive effect on children 's attitudes and behavioral intentions . Implications of the findings are briefly discussed as well as study limitations and recommendations for future research .",children with autism,Hit (Relaxed),1.0,descriptive and explanatory information,Hallucinated,0.0,attitudes and behavioral intentions,Hit (Relaxed),1.0
"Superior visual search in adults with autism . Recent studies have suggested that children with autism perform better than matched controls on visual search tasks and that this stems from a superior visual discrimination ability . This study assessed whether these findings generalize from children to adults with autism . Experiments 1 and 2 showed that , like children , adults with autism were superior to controls at searching for targets . Experiment 3 showed that increases in target-distractor similarity slowed the visual search performance of the control group significantly more than that of the autism group , suggesting that the adults with autism have a superior visual discrimination ability . Thus , these experiments replicate in adults previous findings in children with autism . Superior unique item detection in adults with autism , stemming from enhanced discrimination , is discussed in the light of the possible role of stimulus processing disturbances in the disorder in general .",adults with autism,Hit (Relaxed),1.0,,None,,superior visual search,Hallucinated,0.0
"[ Postural biofeedback and locomotion reeducation in stroke patients ] . AIMS To compare , in post-acute hemiparetic patients , gait improvement after conventional physical therapy alone or with a specialised balance retraining program . PATIENTS Twenty-six patients within 3 months of onset of stroke were randomised to receive physical therapy ( control group ) or therapy and retraining ( experimental group ) , most of the patients in both groups with left hemiplegia . The experimental group was significantly older than the control group . METHOD Thirteen patients received early conventional therapy , and 13 received therapy combined with standing balance training by biofeedback ( BPM Monitor ) . Clinical measures were collected at entry ( J0 ) , once when subjects began to walk ( JM ) and 30 days later ( JM + 30 ) . Gait spatiotemporal parameters were collected by use of the Vicon system at JM and JM + 30 . RESULTS Whatever the method of rehabilitation , the clinical scores improved significantly between J0 and JM + 30 , except for spasticity . The time between stroke and the beginning of walking was not significantly different between both groups . Gait velocity increased significantly between JM and JM + 30 in both groups , with no difference between groups . The walking pattern was improved for both groups , with a significant increase of the duration of the paretic limb single stance . The experimental group significantly improved the duration of the reception double stance on the paretic limb between JM and JM + 30 compared with the control group ( P = 0.03 ) . CONCLUSION Both groups demonstrated improvement in the rehabilitation unit . The benefits of visual biofeedback by forceplate system training suggest particular improvement of anticipation equilibrium with conventional therapy .",post-acute hemiparetic patients,Hit (Relaxed),1.0,conventional physical therapy alone or with a specialised balance retraining program,Hit (Relaxed),1.0,gait improvement,Hit (Relaxed),1.0
"Cophenylcaine spray vs. placebo in flexible nasendoscopy : a prospective double-blind randomised controlled trial . Practices vary across the UK on the use of topical preparation prior to flexible fibreoptic nasendoscopy . In this double-blind study , we randomised 98 patients to receive cophenylcaine or placebo nasal spray before flexible nasendoscopy . A visual analogue scale ( 1-100 ) was used to record pain , unpleasantness of taste and overall discomfort experienced . Overall , the procedure was associated with minimal pain and discomfort in both groups . There was no significant difference in pain or overall discomfort experienced between the two groups ; however , the sensation of bad taste was significantly worse in the cophenylcaine group . In linear regression , factors that predicted the overall unpleasantness of the experience were primarily pain experienced and secondarily unpleasantness of taste . We conclude that the routine use of cophenylcaine for nasal preparation is not justified before flexible nasendoscopy .",patients,Hit (Relaxed),1.0,cophenylcaine spray,Hit (Relaxed),1.0,pain,Hit (Relaxed),1.0
"Effects of Saccharomyces boulardii in children with acute diarrhoea . AIM Certain probiotic agents , e.g . Lactobacillus GG , have shown efficacy in clinical trials for the treatment of acute childhood diarrhoea , but few studies have examined the effect of Saccharomyces boulardii . We evaluated the effect of S. boulardii in children with acute diarrhoea . METHODS Two hundred children were randomized to receive S. boulardii in a granulated form in a daily dose of 250 mg ( S. boulardii group ) or placebo ( placebo group ) for 5 d. Clinical and demographic characteristics on admission were similar between the study groups . RESULTS The medians of the average stool frequency after the second day of the treatment were significantly lower in the S. boulardii group than in the placebo group ( p = 0.003 ) . The duration of diarrhoea significantly reduced in the S. boulardii group compared with the placebo group ( 4.7 vs 5.5 d , p = 0.03 ) . The effect of S. boulardii on watery diarrhoea became apparent after the second day of the treatment . The duration of hospital stay was shorter in the S. boulardii group than in the placebo group ( 2.9 vs 3.9 d , p < 0.001 ) . Four children from the placebo group versus only one child from the S. boulardii group had persisting diarrhoea . CONCLUSION The placebo-controlled study suggested that S. boulardii significantly reduced the duration of acute diarrhoea and the duration of hospital stay . S. boulardii seems to be a promising agent for the amelioration of the course of acute diarrhoea in children when used therapeutically .",children with acute diarrhoea,Hit (Relaxed),1.0,Saccharomyces boulardii,Hit (Relaxed),1.0,duration of acute diarrhoea and duration of hospital stay,Hit (Relaxed),1.0
"[ Effect of branch chain amino acid enriched formula on postoperative fatigue and nutritional status after digestive surgery ] . OBJECTIVE To evaluate the effect of branch chain amino acid ( BCAA ) enriched formula on nutritional status and postoperative fatigue for digestive surgery patients . METHODS Forty patients who underwent digestive surgery were randomly received parenteral nutrition with either BCAA enriched ( study group , n=20 ) or routine amino acid ( control group , n=20 ) for seven consecutive days . Nitrogen balance , serum total protein , albumin , prealbumin , transferrin , retinol binding protein and postoperative fatigue score were monitored during the postoperative period . RESULTS The cumulative postoperative fatigue scores were lower in BCAA group than that in the control group at the 4th , 5th and 7th day after operation ( P < 0.05 ) . Patients achieved positive nitrogen balance 2 days earlier in the study group than that in the control group , but there was no significant difference in cumulative nitrogen balance between the two groups . There was no significant difference in elevation of serum total protein , albumin , prealbumin , transferrin at the 7th day after operation between the two groups ( P > 0.05 ) , compared with those at the first day after operation . The serum level of retinol binding protein was higher in BCAA-enriched group than that in the control group ( P=0.004 ) . CONCLUSION TPN with BCAA enriched formula can reduce postoperative fatigue score and improve the nutritional status for digestive surgery patients .",digestive surgery patients,Hit (Relaxed),1.0,BCAA enriched formula,Hit (Relaxed),1.0,postoperative fatigue score,Hit (Relaxed),1.0
"Intervention pilot for parents of children with autistic spectrum disorder . Parents of children who receive the diagnosis of autistic spectrum disorder ( ASD ) experience a situational crisis related to receiving the diagnosis , which causes feelings of distress and urgency to access services for the affected child . This paper describes a randomized trial ( n = 31 ) that was conducted at a regional diagnostic center of a large metropolitan children 's hospital to ( a ) refine a nursing intervention designed for parents of children with ASD and ( b ) to identify methodological revisions for a larger study . A secondary purpose was to test the effects of a post-diagnosis nursing intervention on parents ' reports of stress , impact of event ( diagnosis ) , and use of services after a child is newly diagnosed with ASD . The intervention consisted of usual care plus 3 hours contact with a pediatric nurse practitioner ( PNP ) for counseling , instruction , and assistance with implementation of the recommended treatment plan . The control group received only the usual care post-diagnosis , which consisted of a 1-hour consultation session to receive the results of diagnostic tests and a written copy of the recommended treatment plan provided by a developmental pediatrician and/or PNP . Between group differences in measures of "" impact of event "" and "" perceived stress "" were not statistically significant . This was attributed to a small sample size . A larger study is feasible and recommended with an expanded nursing intervention and a significantly larger sample recruited from an additional recruitment site . Nurses working with this special population must recognize that parents have information and counseling needs that begin after they receive the diagnosis of ASD for their child and can address these needs with a standardized nursing intervention .",parents of children with autistic spectrum disorder,Hit (Relaxed),1.0,"usual care plus 3 hours contact with a pediatric nurse practitioner (PNP) for counseling, instruction, and assistance with implementation of the recommended treatment plan",Hit (Relaxed),1.0,"impact of event (diagnosis), perceived stress",Hit (Relaxed),1.0
"Sleep-anticipating effects of melatonin in the human brain . Melatonin , the hormone produced nocturnally by the pineal gland , is an endogenous regulator of the sleep-wake cycle . The effects of melatonin on brain activities and their relation to induction of sleepiness were studied in a randomized , double-blind , placebo controlled functional magnetic resonance imaging ( fMRI ) study . Melatonin , but not placebo , reduced task-related activity in the rostro-medial aspect of the occipital cortex during a visual-search task and in the auditory cortex during a music task . These effects correlated with subjective measurements of fatigue . In addition , melatonin enhanced the activation in the left parahippocampus in an autobiographic memory task . Results demonstrate that melatonin modulates brain activity in a manner resembling actual sleep although subjects are fully awake . Furthermore , the fatigue inducing effect of melatonin on brain activity is essentially different from that of sleep deprivation thus revealing differences between fatigues related to the circadian sleep regulation as opposed to increased homeostatic sleep need . Our findings highlight the role of melatonin in priming sleep-associated brain activation patterns in anticipation of sleep .",the hormone produced nocturnally by the pineal gland,Hallucinated,0.0,melatonin,Hit (Relaxed),1.0,sleep,Hallucinated,0.0
"Phase III study of two different dosing schedules of erythropoietin in anemic patients with cancer . PURPOSE To compare maintenance epoetin alfa administered once every 3 weeks with continued weekly epoetin alfa for patients with cancer-associated anemia . PATIENTS AND METHODS Eligible patients were randomly assigned at enrollment to receive three weekly doses of epoetin alfa 40,000 U subcutaneously ( SC ) , followed by either standard weekly epoetin alfa ( 40K arm ) or 120,000 U of epoetin alfa ( 120K arm ) SC every 3 weeks for 18 additional weeks . RESULTS Three hundred sixty-five patients were enrolled . One hundred eighty-three patients were assigned to the 40K arm , and 182 were assigned to the 120K arm . There was no difference in the proportion of patients requiring transfusions during the study ( 23 % in 40K arm and 18 % in 120K arm , P = .22 ) or specifically during the maintenance phase ( 13 % in 40K arm v 15 % in 120K arm , P = .58 ) . Patients randomly assigned to the 40K arm were more likely to have a > or = 2 or > or = 3 g/dL hemoglobin ( Hb ) increment , were more likely to have a drug dose held because of high Hb , and had higher mean end-of-study Hb levels . Toxicities , including thromboembolism , and overall survival were similar . Patients in the 40K arm had a higher global quality of life ( QOL ) at baseline for unclear reasons , whereas patients in the 120K arm had a greater global QOL improvement during the study , so end-of-study QOL was equivalent . CONCLUSION After three weekly doses of epoetin alfa 40,000 U , a dose of 120,000 U can be administered safely once every 3 weeks without increasing transfusion needs or sacrificing QOL . The Hb increment is somewhat greater with continued weekly epoetin alfa . Lack of blinding as a result of different treatment schedules may have confounded results .",anemic patients with cancer,Hit (Relaxed),1.0,erythropoietin in two different dosing schedules,Hallucinated,0.0,"transfusion needs, quality of life, hemoglobin increment",Hallucinated,0.0
"Local immunotherapy by inhalation of a powder extract in asthma due to house dust mite Dermatophagoides pteronyssinus : a double-blind comparison with parenteral immunotherapy . To verify the efficacy and the tolerability of local immunotherapy ( LI ) by inhalation of a powder extract of house dust mite ( HDM ) , in comparison with parenteral immunotherapy ( PI ) by injection , 10 patients with asthma due to HDM were studied in a blind fashion . 5 patients ( Group A ) underwent LI and subcutaneous injections of placebo , 5 patients ( Group B ) underwent PI and inhalation of lactose for 6 months . In both groups each inhalation was preceded by premedication with disodium cromoglycate ( DSCG ) ( 40 mg ) . In Group A a significant decrease in symptoms score and in peak expiratory flow ( PEF ) -derived parameters was observed already after 3 months of treatment , and 2 patients lost the late component of the bronchial response to the challenge with HDM . No significant variation was found in bronchial responsiveness to methacholine and ultrasonically nebulized distilled water ( UNDW ) and in immunologic humoral and cellular parameters in peripheral blood after treatment in either group . No local important adverse reactions were observed in Group A and no systemic side effects were observed in either group . We conclude that LI is as effective as PI , but more rapid in its action , in the treatment of asthma due to HDM . Moreover , LI is locally well tolerated , providing DSCG is inhaled before each therapeutic inhalation , and does not induce systemic side effects .",10 patients with asthma due to house dust mite,Hit (Relaxed),1.0,local immunotherapy by inhalation of a powder extract,Hit (Relaxed),1.0,a significant decrease in symptoms score and in peak expiratory flow-derived parameters,Hit (Relaxed),1.0
"The safety of whey protein concentrate derived from the milk of cows immunized against Clostridium difficile . A whey protein concentrate prepared from the milk of cows that have been immunized against Clostridium difficile ( C. difficile ) and its toxins , toxin A and toxin B , is produced for use as a medical food for the dietary management of patients with C. difficile-associated diarrhea ( CDAD ) to prevent a relapse of the infection . The safety of anti-C. difficile whey protein concentrate ( anti-CD WPC ) is supported by analytical data comparing the composition of raw milk from immunized cows versus that from non-immunized cows , and the composition of anti-CD WPC versus that of regular whey protein concentrate . Additionally , a prospective clinical study was conducted in 77 patients with CDAD to demonstrate the safety of consuming anti-CD WPC to prevent relapse of the infection . This study , which included adverse event monitoring , physical examinations , and extensive hematological and biochemical assessments , showed that anti-CD WPC is safe to consume by patients with CDAD . The available analytical and clinical evidence demonstrate that anti-CD WPC is safe for use by individuals with CDAD , under the described conditions of use .",patients with C. difficile-associated diarrhea (CDAD),Hit (Relaxed),1.0,anti-C. difficile whey protein concentrate (anti-CD WPC),Hit (Relaxed),1.0,prevention of relapse of the infection,Hallucinated,0.0
"The prophylactic effect of itraconazole capsules and fluconazole capsules for systemic fungal infections in patients with acute myeloid leukemia and myelodysplastic syndromes : a Japanese multicenter randomized , controlled study . We performed a randomized , controlled study comparing the prophylactic effects of capsule forms of fluconazole ( n = 110 ) and itraconazole ( n = 108 ) in patients with acute myeloid leukemia ( AML ) or myelodysplastic syndromes ( MDS ) during and after chemotherapy . There were 4 cases with possible systemic fungal infection in the itraconazole group , and there were 8 possible and 3 probable cases in the fluconazole group . Adverse events did not significantly differ in the 2 groups . In patients with MDS or in the remission-induction phase of chemotherapy , the numbers of cases with probable or possible infections were lower in the itraconazole group than in the fluconazole group , whereas no difference was seen in patients with AML or in the consolidation phase of therapy . In patients with neutrophil counts of > 0.1 x 10 ( 9 ) /L lasting for more than 4 weeks , the frequency of infection in the fluconazole group ( 5 of 9 patients ) was significantly higher than in the itraconazole group ( 0 of 7 patients ; P = .03 ) . Our results suggest that both drugs were well tolerated in patients with AML or MDS who received chemotherapy and that the efficacy of itraconazole for prophylaxis against systemic fungal disease is not inferior to that of fluconazole .",patients with acute myeloid leukemia and myelodysplastic syndromes,Hit (Relaxed),1.0,itraconazole capsules and fluconazole capsules,Hit (Relaxed),1.0,systemic fungal infections,Hallucinated,0.0
"[ Intravenous treatment of postpartum anemia with trivalent ferrum preparation ] . AIM OF THE STUDY To assess the effectivity and safeness of intravenous treatment of pospartal anemia with trivalent ferrum preparation . TYPE OF THE STUDY Prospective randomized study . SETTING Department of Obstetric and Gynecology 2nd Medical Faculty Charles University and Teaching Hospital Motol , Prague , and Department of Obstetric and Gynecology 1st Medical Faculty and Teaching Hospital Bulovka , Prague . METHODS 500 mg of sacharose ferric oxide ( Venofer ) was intravenously administered in two days regimen to 50 women with clinical and lab signs of postpartal anemia . The effect of administered drug was determined by comparsion of values of red blood count recovered before the treatment , 2nd or 3rd day post administration and two weeks later . The serum values of soluble transferrin receptors and ferritin were observed as markers of iron cell saturation and body iron reserves , too . Integral part of the study was the monitoring of adverse events during the treatment . RESULTS Venofer came in sight as effective drug in the treatment of pospartal anemia and could become as the alternative to blood transfusion in mid-severe cases . It should be emphasized that we have not encountered any serious adverse event with intravenous trivalent saccharose ferric oxide treatment .",50 women with clinical and lab signs of postpartal anemia,Hit (Relaxed),1.0,intravenously administered 500 mg of sacharose ferric oxide (Venofer) in two days regimen,Hit (Relaxed),1.0,"red blood count, serum values of soluble transferrin receptors and ferritin",Hit (Relaxed),1.0
"[ Clinical study of the efficacy of and tolerance to nimesulide in suppository formulation in pain-inflammatory pathologies of the ear , nose , and throat ] . The efficacy and tolerability of a new pharmaceutical form of the non-steroid anti-inflammatory drug . Nimesulide have been studied in a double blind study compared with flurbiprofen , in 98 patients aged between 18 and 75 suffering from pain-inflammatory pathologies of ENT nature . Both drugs , administered in a dose of one suppository twice a day for 7 days , showed marked anti-inflammatory , analgesic and antipyretic activity and produced a significant , progressive improvement in the typical symptoms of the inflammatory state up to their complete remission . Nimesulide evidenced greater speed and duration of therapeutic action . Assessment on the effectiveness and tolerability as expressed separately by the physician and patient were positive in almost all cases of both treatments .","pain-inflammatory pathologies of the ear, nose, and throat",Hallucinated,0.0,nimesulide,Hit (Relaxed),1.0,"anti-inflammatory, analgesic and antipyretic activity",Hit (Relaxed),1.0
"Salmeterol plus fluticasone propionate versus fluticasone propionate plus montelukast : a randomised controlled trial investigating the effects on airway inflammation in asthma . BACKGROUND Few studies have compared treatment strategies in patients with asthma poorly controlled on low dose inhaled corticosteroids , and little is known about the effects of different treatments on airway inflammation . In this double-blind , placebo-controlled , parallel group study , we compared the effects of salmeterol plus fluticasone propionate ( FP ) ( Seretide ; SFC ) and FP plus montelukast ( FP/M ) on sputum inflammatory markers , airway responsiveness , lung function , and symptoms in adult asthmatics . METHODS Sixty-six subjects were randomised to SFC or FP/M for 12 weeks . The primary outcome was changes in neutrophil , eosinophil , macrophage , lymphocyte , and epithelial cell levels in induced sputum . Additional outcomes included the change in other sputum markers of airway inflammation , airway responsiveness , symptom control , and lung function . RESULTS Both treatments had no significant effect on induced sputum inflammatory cells , although there was a trend for a reduction in sputum eosinophils . Both treatments significantly improved airway responsiveness , whereas SFC generally led to greater improvements in symptom control and lung function than FP/M . FP/M led to significantly greater reductions in sputum cysteinyl leukotrienes than SFC ( treatment ratio 1.80 ; 95 % CI 1.09 , 2.94 ) . CONCLUSION Both treatments led to similar control of eosinophilic airway inflammation , although PEF and symptom control were better with SFC . STUDY NUMBER : SAM40030 ( SOLTA ) .",patients with asthma poorly controlled on low dose inhaled corticosteroids,Hit (Relaxed),1.0,salmeterol plus fluticasone propionate (FP) and FP plus montelukast,Hit (Relaxed),1.0,"changes in neutrophil, eosinophil, macrophage, lymphocyte, and epithelial cell levels in induced sputum",Hit (Relaxed),1.0
"A double-blind , randomized , controlled , multicenter safety and immunogenicity study of a refrigerator-stable formulation of Zostavax . The vaccine Zostavax has been shown to prevent herpes zoster ( HZ ) and postherpetic neuralgia and is recommended for individuals > or =60 years of age . This study compared the safety and the immunogenicity of a refrigerator-stable formulation ( Zostavax refrigerated ) with those of the current formulation ( Zostavax frozen ) in subjects > or =50 years of age . Subjects with a negative history for HZ were randomized 1:1 to receive one dose of either formulation . Enrollment was stratified 1:2 by age ( 50 to 59 years and > or =60 years ) . Safety was evaluated for 28 days postvaccination . Varicella-zoster virus ( VZV ) antibody responses were measured by a glycoprotein enzyme-linked immunosorbent assay ( gpELISA ) . The primary endpoints were the VZV antibody geometric mean titer ( GMT ; day 28 ) , the VZV antibody geometric mean rise ( GMR ; days 1 to 28 ) , and the incidence of vaccine-related serious adverse experiences ( AEs ) over 28 days . The refrigerated ( n = 182 ) and frozen ( n = 185 ) formulations induced similar GMTs ( 727.4 and 834.4 gpELISA units/ml , respectively ) ; the estimated GMT ratio ( refrigerated formulation/frozen formulation ) was 0.87 ( 95 % confidence interval , 0.71 to 1.07 ) . The GMRs were 2.6- and 2.9-fold , respectively . No vaccine-related serious AEs were reported in either group , and the safety profiles of the formulations were generally similar . The frequencies of injection-site AEs during follow-up were 35.6 % and 46.4 % in the refrigerated and the frozen formulation groups , respectively , and were generally mild . The frequencies of systemic AEs were similar in the two groups , and those of vaccine-related AEs were approximately 6 % in both groups . The refrigerator-stable formulation of Zostavax has an acceptable safety profile and is as immunogenic as the frozen formulation ; thus , the vaccine may be used in clinical settings where freezer availability is limited .",individuals > or =60 years of age,Hallucinated,0.0,a refrigerator-stable formulation of Zostavax,Hit (Relaxed),1.0,an acceptable safety profile and is as immunogenic as the frozen formulation,Hit (Relaxed),1.0
"Feasibility of two dose-dense FEC regimens with growth factor support for adjuvant therapy in patients with early breast cancer : results from a randomised study of the Central European Cooperative Oncology Group ( CECOG ) . Addition of epirubicin to adjuvant chemotherapy can provide important benefits for patients with early breast cancer , but the optimal dose remains unclear . Further improvements can be achieved with dose-dense regimens , but densification of fluorouracil/epirubicin/cyclophosphamide ( FEC ) has proved difficult , with FEC ( 60 ) providing little benefit over standard chemotherapy and FEC ( 100 ) associated with toxicity . We investigated the feasibility of two intermediate dose-dense FEC regimens . Patients were randomised to six cycles of FEC ( 75 ) or FEC ( 90 ) , with all three drugs given on day 1 of each 14-day cycle . Patients also received pegfilgrastim 6 mg as a single subcutaneous injection on day 2 of each cycle . The primary efficacy endpoint was the proportion of subjects receiving > or =85 % relative dose intensity and was achieved by 96 % and 88 % of patients in the FEC ( 75 ) and FEC ( 90 ) arms , respectively . Of 147 FEC ( 75 ) infusions , 4.1 % were delayed , while 9.8 % of 143 FEC ( 90 ) infusions were delayed . The most common reasons for delay were adverse events and personal/logistical reasons . One dose reduction occurred during the study ( FEC ( 90 ) ) , related to diarrhoea . Grade 3-4 haematological toxicities were reported in two patients in the FEC ( 90 ) arm . There were no incidences of febrile neutropenia during the study . The most common adverse events were increases in liver enzymes and gastrointestinal events ; no event resulted in discontinuation . Only one patient ( FEC ( 90 ) ) experienced serious adverse events ( vomiting and throat oedema ) . In conclusion , dose-dense FEC ( 75 ) and FEC ( 90 ) are feasible with pegfilgrastim support . These regimens are associated with a very low risk of Grade 3-4 toxicity .",patients with early breast cancer,Hit (Relaxed),1.0,two dose-dense FEC regimens with growth factor support,Hit (Relaxed),1.0,Grade 3-4 haematological toxicities,Hit (Relaxed),1.0
"Language outcome in autism : randomized comparison of joint attention and play interventions . This study reports results of a randomized controlled trial aimed at joint attention ( JA ) and symbolic play ( SP ) in preschool children with autism , with prediction to language outcome 12 months later . Participants were 58 children ( 46 boys ) with autism between 3 and 4 years of age . Children were randomized to a JA intervention , an SP intervention , or control group . Interventions were conducted 30 min daily for 5-6 weeks . Assessments of JA skills , SP skills , mother-child interactions , and language development were collected at 4 time points : pre- and postintervention and 6 and 12 months postintervention by independent testers . Results indicate that expressive language gains were greater for both treatment groups compared with the control group , and results could not be explained by differences in other interventions in which children participated . For children beginning treatment with the lowest language levels , the JA intervention improved language outcome significantly more than did the SP or control interventions . These findings suggest clinically significant benefits of actively treating JA and SP skills in young children with autism .",children with autism,Hit (Relaxed),1.0,"['joint attention (JA)', 'symbolic play (SP)']",Hit (Relaxed),1.0,language outcome,Hit (Relaxed),1.0
"Once-daily amoxicillin versus twice-daily penicillin V in group A beta-haemolytic streptococcal pharyngitis . BACKGROUND Rheumatic fever is a preventable chronic disease preceded by group A beta-haemolytic streptococcal ( GABHS ) pharyngitis . OBJECTIVE To test the non-inferiority of once-daily ( QD ) oral amoxicillin to the recommended twice-daily ( BID ) oral penicillin V in GABHS pharyngitis . METHODS This was a randomised non-inferiority trial carried out in a school-based clinic in New Zealand . Children presenting with GABHS pharyngitis were randomised to oral amoxicillin 1500 mg QD ( or 750 mg if bodyweight was < or=30 kg ) or to oral penicillin V 500 mg BID ( or 250 mg if bodyweight was < or=20 kg ) for 10 days . Observed medication and weekend diary cards were used to monitor adherence . OUTCOME Eradication of GABHS , determined with follow-up throat cultures on days 3-6 , 12-16 and 26-36 . GABHS isolates were serotyped to distinguish bacteriological treatment failures ( and relapses ) from new acquisitions . Non-inferiority was defined as an upper 95 % confidence limit ( CL ) for the difference in success of eradication in the amoxicillin and penicillin V treatment groups of < or=10 % . RESULTS 353 children with positive throat swabs for GABHS were randomised to amoxicillin ( n = 177 ) or penicillin V ( n = 176 ) . The upper 95 % CL for the differences in positive cultures between the antibiotics was 4.9 % at days 3-6 , 6.5 % at days 12-16 and 8.5 % at days 26-36 . Treatment failures ( including relapses ) occurred at each visit in 5.8 % , 12.7 % and 10.7 % of amoxicillin recipients and 6.2 % , 11.9 % and 11.3 % of penicillin V recipients , respectively . No significant differences in resolution of symptoms were noted between treatment groups . One case of unsubstantiated acute rheumatic fever occurred after 7 days of amoxicillin . CONCLUSION In this adequately powered study , once-daily oral amoxicillin is not inferior to twice-daily penicillin V for the treatment and eradication of GABHS in children with pharyngitis .",children with group A beta-haemolytic streptococcal (GABHS) pharyngitis,Hallucinated,0.0,once-daily oral amoxicillin or twice-daily oral penicillin V,Hit (Relaxed),1.0,eradication of GABHS,Hit (Relaxed),1.0
"A multi-component social skills intervention for children with Asperger syndrome : the Junior Detective Training Program . BACKGROUND The study aimed to investigate the effectiveness of a new multi-component social skills intervention for children with Asperger syndrome ( AS ) : The Junior Detective Training Program . This 7-week program included a computer game , small group sessions , parent training sessions and teacher handouts . METHOD Forty-nine children with AS were recruited to participate and randomly assigned to intervention ( n = 26 ) or wait-list control ( n = 23 ) conditions . RESULTS Relative to children in the wait-list group , program participants showed greater improvements in social skills over the course of the intervention , as indicated by parent-report measures . Teacher-report data also confirmed that children receiving the intervention made significant improvements in social functioning from pre- to post-treatment . Treatment group participants were better able to suggest appropriate emotion-management strategies for story characters at post-intervention than at pre-intervention , whereas control participants were not . However , there was no difference in the improvements made by children in the intervention and control conditions on facial expression and body-posture recognition measures . Follow-up data suggested that treatment gains were maintained by children at 5-months post-intervention . CONCLUSIONS The Junior Detective Training Program appeared to be effective in enhancing the social skills and emotional understanding of children with AS . Limitations and suggestions for future research are discussed .",children with Asperger syndrome,Hit (Relaxed),1.0,The Junior Detective Training Program,Hit (Relaxed),1.0,social skills,Hallucinated,0.0
"In school-aged children a combination of galacto-oligosaccharides and Lactobacillus GG increases bifidobacteria more than Lactobacillus GG on its own . The aim of this study was to compare a combination of Lactobacillus GG ( LGG ) and galacto-oligosaccharides ( GOS ) with LGG on its own , and their effects on the intestinal microbiota in school-aged children . The randomized , double-blinded , crossover study comprised 30 healthy children . There were two 3-week study periods with a 4-week wash-out period in between . The children ingested daily 65 ml of milk-based fruit juice containing either LGG alone ( 6.5 x 10 ( 9 ) CFU ) or LGG plus 2 g of GOS . Symptom diaries were filled during the study periods . Fecal samples were collected at the beginning and end of both study periods . At the end of both study periods , the amount of bifidobacteria was significantly greater after the ingestion of LGG + GOS compared with LGG alone ( geometric mean 9.33 x 10 ( 9 ) vs. 4.28 x 10 ( 9 ) CFU/g , p < 0.001 ) . No significant differences were seen in the amount of lactobacilli or LGG , nor did gastrointestinal symptoms , defecation frequency , consistency of stools or ease of defecation differ between the two study periods . Ingestion of LGG combined with 2 g of GOS increased the bifidobacteria more than LGG on its own and thus GOS clearly has a prebiotic effect in children . The children tolerated well a daily intake of 2 g of GOS .",school-aged children,Hit (Relaxed),1.0,Lactobacillus GG (LGG) combined with galacto-oligosaccharides (GOS),Hit (Relaxed),1.0,bifidobacteria,Hallucinated,0.0
"Vibrotactile -- auditory interactions are post-perceptual . Vibrotactile stimuli can elicit compelling auditory sensations , even when sound energy levels are minimal and undetectable . It has previously been shown that subjects judge auditory tones embedded in white noise to be louder when they are accompanied by a vibrotactile stimulus of the same frequency . A first experiment replicated this result at four different levels of auditory stimulation ( no tone , tone at detection threshold , tone at 5 dB above threshold , and tone at 10 dB above threshold ) . The presence of a vibrotactile stimulus induced an increase in the perceived loudness of auditory tones at three of the four values in this range . In two further experiments , a 2-interval forced-choice procedure was used to assess the nature of this cross-modal interaction . Subjects were biased when vibrotaction was applied in one interval , but applying vibrotaction in both intervals produced performance comparable to conditions without vibrotactile stimuli . This demonstrates that vibrotaction is sometimes ignored when judging the presence of an auditory tone . Hence the interaction between vibrotaction and audition does not appear to occur at an early perceptual level .",subjects,Hallucinated,0.0,vibrotactile stimulus,Hit (Relaxed),1.0,perceived loudness,Hallucinated,0.0
"Psychological mediators of bupropion sustained-release treatment for smoking cessation . AIM The study aimed to test simultaneously our understanding of the effects of bupropion sustained-release ( SR ) treatment on putative mediators and our understanding of determinants of post-quit abstinence , including withdrawal distress , cigarette craving , positive affect and subjective reactions to cigarettes smoked during a lapse . The specificity of bupropion SR effects was also tested in exploratory analyses . DESIGN Data from a randomized , placebo-controlled clinical trial of bupropion SR were submitted to mediation analyses . SETTING Center for Tobacco Research and Intervention , Madison , WI , USA . PARTICIPANTS A total of 403 adult , daily smokers without contraindications to bupropion SR use . INTERVENTION Participants were assigned randomly to receive a 9-week course of bupropion SR or placebo pill and to receive eight brief individual counseling sessions or no counseling . MEASUREMENTS Ecological momentary assessment ratings of smoking behavior and putative mediators were collected pre- and post-quit . FINDINGS Results of structural equation and hierarchical linear models did not support the hypothesis that bupropion SR treatment improves short-term abstinence by reducing withdrawal distress or affecting the subjective effects of a lapse cigarette , but provided partial support for mediation by cigarette craving reduction and enhanced positive affect . Bupropion SR effects on point-prevalence abstinence at 1 month post-quit were also mediated partially by enhanced motivation to quit and self-efficacy . CONCLUSIONS Results provided some support for models of bupropion SR treatment and relapse and suggested that motivational processes may partially account for bupropion SR efficacy .","adult, daily smokers without contraindications to bupropion SR use",Hit (Relaxed),1.0,bupropion SR or placebo pill,Hit (Relaxed),1.0,short-term abstinence,Hit (Relaxed),1.0
"Identifying patients at high risk for neutropenic complications during chemotherapy for metastatic breast cancer with doxorubicin or pegylated liposomal doxorubicin : the development of a prediction model . OBJECTIVE To develop a cycle-based risk prediction model for neutropenic complications ( NC ) during chemotherapy with doxorubicin ( DOX ) or a pegylated liposomal formulation ( PLD ) for patients with metastatic breast cancer ( MBC ) . METHODS Data analyzed was from a phase III , randomized clinical trial of DOX ( 60 mg/m ( 2 ) every 3 weeks ) or PLD ( 50 mg/m ( 2 ) every 4 weeks ) for the first line therapy for MBC ( n = 509 ) ( O'Brien et al , Ann Oncol . 2004 ; 15:440-449 ) . NC were defined as an absolute neutrophil count < or =1.5 x 10 ( 9 ) cells/L ( ie , > or =grade II ) before the next cycle , febrile neutropenia or neutropenia with a documented infection . Patient and hematologic factors potentially associated with NC were evaluated . Factors with a P value of < or =0.25 within a cycle were included in a generalized estimating equations regression model . Using backward elimination , we derived a risk scoring algorithm ( range 0-63 ) from the final reduced model . RESULTS Risk factors retained in the model included poor performance status , absolute neutrophil count < or =2.0 x 10 ( 9 ) cells/L in the previous cycle , the first cycle of chemotherapy , DOX versus PLD and advanced age . A precycle risk score from > or =25 to < 40 for a given patient was identified as being the optimal threshold for sensitivity ( 58.0 % ) and specificity ( 78.7 % ) . Patients with a score at or beyond this threshold would be considered at high risk for developing NC in later cycles . CONCLUSION The use of this model may enhance patient care by targeting preventative therapies ( eg , granulocyte colony stimulating factor or PLD ) to those MBC patients most likely to experience NC during anthracycline-based chemotherapy .",patients with metastatic breast cancer,Hit (Relaxed),1.0,chemotherapy with doxorubicin or pegylated liposomal doxorubicin,Hit (Relaxed),1.0,neutropenic complications,Hit (Relaxed),1.0
"Neural basis of self and other representation in autism : an FMRI study of self-face recognition . BACKGROUND Autism is a developmental disorder characterized by decreased interest and engagement in social interactions and by enhanced self-focus . While previous theoretical approaches to understanding autism have emphasized social impairments and altered interpersonal interactions , there is a recent shift towards understanding the nature of the representation of the self in individuals with autism spectrum disorders ( ASD ) . Still , the neural mechanisms subserving self-representations in ASD are relatively unexplored . METHODOLOGY/PRINCIPAL FINDINGS We used event-related fMRI to investigate brain responsiveness to images of the subjects ' own face and to faces of others . Children with ASD and typically developing ( TD ) children viewed randomly presented digital morphs between their own face and a gender-matched other face , and made "" self/other "" judgments . Both groups of children activated a right premotor/prefrontal system when identifying images containing a greater percentage of the self face . However , while TD children showed activation of this system during both self- and other-processing , children with ASD only recruited this system while viewing images containing mostly their own face . CONCLUSIONS/SIGNIFICANCE This functional dissociation between the representation of self versus others points to a potential neural substrate for the characteristic self-focus and decreased social understanding exhibited by these individuals , and suggests that individuals with ASD lack the shared neural representations for self and others that TD children and adults possess and may use to understand others .",children with autism spectrum disorders (ASD),Hit (Relaxed),1.0,event-related fMRI,Hallucinated,0.0,brain responsiveness,Hit (Relaxed),1.0
"Bolus injection of contrast agents with various iodine concentrations and delivery rates for intracranial three-dimensional CT angiography : evaluation of intracranial arteriovenous contrast using a multidetector-row CT scanner . PURPOSE We evaluated the difference in computed tomography ( CT ) attenuation values of the intracranial arterial and venous systems among the various contrast injection protocols ( higher iodine delivery rate or higher concentration of the agent ) on the source images of intracranial three-dimensional CT angiography ( 3D-CTA ) using a multidetector-row CT ( MDCT ) scanner . MATERIALS AND METHODS We used 100 ml of iopamidol 300 at an injection rate of 3.0 ml/s , 100 ml of iopamidol 300 at an injection rate of 3.7 ml/s , and 80 ml of iopamidol 370 at an injection rate of 3.0 ml/s . There were 10 patients in each group . Attenuation values of the bilateral internal carotid arteries ( ICAs ) , basilar artery trunk , bilateral cavernous sinuses ( CSs ) , and Galenic vein were measured quantitatively on the axial CT angiographic source images obtained by four-channel MDCT . RESULTS Injection of the high-concentration contrast with a higher iodine-delivery rate achieved good arteriovenous contrast at the cavernous portion . With the same rate of iodine delivery , injection of the intermediate concentrate agent increased the CT value of not only the ICAs but also the CSs . CONCLUSION High-concentration contrast could increase ICA attenuation without intracavernous attenuation gain during the "" first-pass "" phase .","['100 ml of iopamidol 300 at an injection rate of 3.0 ml/s', '100 ml of iopamidol 300 at an injection rate of 3.7 ml/s', '80 ml of iopamidol 370 at an injection rate of 3.0 ml/s']",Hallucinated,0.0,['bolus injection of contrast agents with various iodine concentrations and delivery rates for intracranial three-dimensional CT angiography'],Hallucinated,0.0,['intracranial arteriovenous contrast using a multidetector-row CT scanner'],Hit (Relaxed),1.0
"Trial design challenges when combining medication and parent training in children with pervasive developmental disorders . This paper presents the rationale for a 24-week , randomized trial designed to test whether risperidone plus structured parent training would be superior to risperidone only on measures of noncompliance , irritability and adaptive functioning . In this model , medication reduces tantrums , aggression and self-injury ; parent training promotes improvement in noncompliance and adaptive functioning . Thus , medication and parent training target related , but separate , outcomes . At week 24 , the medication was gradually withdrawn to determine whether subjects in the combined treatment group could be managed on a lower dose or off medication without relapse . Both symptom reduction and functional improvement are important clinical treatment targets . Thus , experimental evidence on the beneficial effects of combining pharmacotherapy and exportable behavioral interventions is needed to guide clinical practice .",children with pervasive developmental disorders,Hit (Relaxed),1.0,risperidone plus structured parent training,Hit (Relaxed),1.0,"measures of noncompliance, irritability and adaptive functioning",Hit (Relaxed),1.0
"Comparison of propofol , droperidol , and metoclopramide for prophylaxis of postoperative nausea and vomiting after breast cancer surgery : a prospective , randomized , double-blind , placebo-controlled study in Japanese patients . BACKGROUND Breast cancer surgery performed with the patient under general anesthesia has been associated with a relatively high incidence of postoperative nausea and vomiting ( PONV ) . Between 60 % and 80 % of patients who undergo mastectomy ( with axillary dissection ) experience PONV . We previously reported that propofol at a subhypnotic dose of 0.5 mg/kg was more effective than placebo in preventing PONV in women who undergo mastectomy . OBJECTIVE The purpose of this study was to compare the efficacy of a subhypnotic dose of propofol with the conventional antiemetics droperidol and metoclopramide for the prophylaxis of PONV after breast cancer surgery in Japanese patients . METHODS In this prospective , randomized , double-blind , placebo-controlled study , Japanese women were randomized to 1 of 4 groups to receive IV administration of propofol 0.5 mg/kg , droperidol 20 microg/kg , metoclopramide 0.2 mg/kg , or placebo ( isotonic saline ) immediately after skin suture . A standard general anesthetic technique , including sevoflurane and air in oxygen , was used . All episodes of PONV during the first 24 hours after anesthesia administration were recorded by an investigator who was blinded to treatment assignment . The investigator questioned the patients as to whether they experienced extrapyramidal symptoms . To maintain the integrity of the study results , none of the patients received preanesthetic medication . RESULTS A total of 100 women ( mean [ SD ] age , 52 [ 7 ] years ; height , 154 [ 6 ] cm ; weight , 54 [ 7 ] kg ) were included in the study . Each study group comprised 25 patients . There were no significant differences between treatment groups with regard to patient demographics , surgery type , or awakening time . The prevalences of PONV 0 to 24 hours after anesthesia were 28 % with propofol ( P = 0.005 ) , 32 % with droperidol ( P = 0.011 ) , and 60 % with metoclopramide ( P = NS ) , compared with placebo ( 68 % ) . No significant difference in the prevalence of PONV was found between patients receiving propofol and those receiving droperidol , and propofol and droperidol were associated with significantly lower prevalences of PONV compared with metoclopramide ( P = 0.022 and P = 0.043 , respectively ) . Extrapyramidal symptoms were not reported in any of the groups . CONCLUSIONS The prevalences of PONV were not significantly different between propofol 0.5 mg/kg and droperidol 20 microg/kg 0 to 24 hours after anesthesia in this small , select group of Japanese women who underwent breast cancer surgery . The prevalences of PONV were significantly lower with propofol and droperidol compared with metoclopramide 0.2 mg/kg and placebo .",Japanese patients,Hit (Relaxed),1.0,"propofol , droperidol , and metoclopramide for prophylaxis of postoperative nausea and vomiting after breast cancer surgery",Hit (Relaxed),1.0,prevalences of PONV,Hit (Relaxed),1.0
"To compare the efficacy and safety of nifedipine sustained release with Ginkgo biloba extract to treat patients with primary Raynaud 's phenomenon in South Korea ; Korean Raynaud study ( KOARA study ) . This study examined the efficacy and safety of nifedipine sustained release ( nifedipine SR ) compared with Ginkgo biloba extract as treatment for primary Raynaud 's phenomenon ( RP ) in Korea . Primary RP were screened and assigned to either the nifedipine SR group ( Group N ) or the Ginkgo biloba extract group ( Group G ) in the ratio of 2:1 . After a run-in period of 2 weeks , patients received treatment for 8 weeks . We observed the percent improvement of the RP attack rate between before and after the 8-week treatment . Ninety-three subjects were randomly assigned . The percent improvement in Group N was 50.1 % at 8 weeks after treatment , while it was 31.0 % in Group G ( p = 0.03 ) . No serious adverse events occurred , and almost adverse events were mild and improved without specific treatment . nifedipine SR was more effective than Ginkgo biloba extract for treatment of primary RP in Korean patients . Both drugs were tolerable with primary RP patients .",patients with primary Raynaud 's phenomenon in South Korea,Hit (Relaxed),1.0,nifedipine sustained release and Ginkgo biloba extract,Hit (Relaxed),1.0,percent improvement of the RP attack rate,Hit (Relaxed),1.0
"A comparison of continuous femoral nerve block ( CFNB ) and continuous epidural infusion ( CEI ) in postoperative analgesia and knee rehabilitation after total knee arthroplasty ( TKA ) . BACKGROUND Postoperative epidural analgesia ( EA ) and femoral nerve block ( FNB ) provided effective pain relief However , EA has common side effects such as nausea , vomiting , pruritus , dizziness , and hypotension . Some investigations found that those side effects were less in FNB than in EA . However the analgesic equivalent of both techniques have not been confirmed . OBJECTIVE The authors compared continuous epidural infusion ( CEI ) with continuous femoral nerve block ( CFNB ) regarding the postoperative analgesic efficacy , side effects , postoperative knee rehabilitation , and hospital length of stay ( LOS ) . MATERIAL AND METHOD In this prospective , randomized controlled study , 61 ASA physical status I-III patients scheduled for elective unilateral total knee arthroplasty ( TKA ) under spinal anesthesia ( SA ) participated . The patients were allocated into two groups . In the ward , patients in Group I ( CEI ) were maintained by continuous infusion of 0.125 % levobupivacaine with morphine 0.0125 mg/ml ( 4 ml/hr ) , Group II ( CFNB ) were maintained by 0.125 % levobupivacaine ( 8 ml/hr ) . RESULTS Patients in the CFNB group , the VAS scores at PO6-12 hr and tramadol IV requirement were significantly greater than the CEI group ( VAS : PO6 hr p-value = 0.001 , PO12 hr p-value = 0.004 ) . Patients in the CEI group experienced dizziness , pruritus , and PONV more than the CFNB group significantly . Patient satisfaction was greater with the CFNB group although postoperative knee rehabilitation and the hospital LOS were not different . CONCLUSION CFNB represents the optimal analgesia with fewer side effects and greater patient , satisfaction . The rehabilitation indices and duration of hospital stay are comparable in both groups .",61 ASA physical status I-III patients scheduled for elective unilateral total knee arthroplasty ( TKA ) under spinal anesthesia ( SA ),Hit (Relaxed),1.0,"continuous epidural infusion ( CEI ) with continuous femoral nerve block ( CFNB ) regarding the postoperative analgesic efficacy , side effects , postoperative knee rehabilitation , and hospital length of stay ( LOS )",Hit (Relaxed),1.0,patient satisfaction was greater with the CFNB group,Hit (Relaxed),1.0
"Rationale and design of RE-LY : randomized evaluation of long-term anticoagulant therapy , warfarin , compared with dabigatran . Vitamin K antagonists ( VKAs ) are effective for stroke prevention in patients with atrial fibrillation ( AF ) but are difficult to use . Dabigatran etexilate is a prodrug that is rapidly converted to the active direct thrombin inhibitor dabigatran . It is administered in a fixed dose without laboratory monitoring and is being compared with warfarin ( international normalized ratio 2-3 ) in the RE-LY trial . Two doses of dabigatran ( 110 and 150 mg BID ) are being evaluated . RE-LY is a phase 3 , prospective , randomized , open-label multinational ( 44 countries ) trial of patients with nonvalvular AF and at least 1 risk factor for stroke . Recruitment concluded with a total of 18,113 patients . Patients who were VKA-naive and experienced are included in balanced proportions . The primary outcome is stroke ( including hemorrhagic ) or systemic embolism . Safety outcomes are bleeding , liver function abnormalities , and other adverse events . Adjudication of end points is blinded to drug assignment . The trial is expected to accrue a minimum of 450 events with a minimum 1-year of follow-up . RE-LY is the largest AF stroke prevention trial yet undertaken . It is unique because it includes equal numbers of VKA-experienced and naive patients and evaluates 2 different dosages of dabigatran , which may allow tailoring of dosing to individual patient needs . The worldwide site distribution and broad range of stroke risk further increase the general applicability of the trial . Results are expected in 2009 .",patients with atrial fibrillation (AF) but are difficult to use,Hit (Relaxed),1.0,dabigatran etexilate,Hit (Relaxed),1.0,stroke prevention,Hallucinated,0.0
"Effects of cuff inflation on self-recorded blood pressure . Changes in continuously recorded 'Finapres ' finger blood pressure in ten normotensive and seven hypertensive subjects induced by self-inflation of the cuff or just wearing the inflated cuff were studied . Inflating the cuff caused an instantaneous rise in systolic blood pressure of 13 and 12 mm Hg ( hypertensive and normotensive subjects , respectively ) . Wearing the inflated cuff did not change blood pressure . Thus the rise in pressure was related to the muscular activity required for cuff inflation . Systolic blood pressure took on average 7 s and at most 21 s to return to baseline level after stopping cuff inflation . Since first Korotkoff sounds may already be heard after 10-15 s when following recommended procedures , self-recorded systolic blood pressure may be recorded as too high when subjects inflate their cuff at too low a pressure or deflate it too fast .",['normotensive and seven hypertensive subjects'],Hit (Relaxed),1.0,"['self-inflation of the cuff', 'just wearing the inflated cuff']",Hit (Relaxed),1.0,['blood pressure'],Hit (Relaxed),1.0
"[ Effect of transcranial electrostimulation on clinical and laboratory characteristics in patients with gastric ulcer ] . The study included 100 patients with gastric ulcer aged from 16 to 60 years . In 58 patients , traditional treatment was supplemented by transcranial electrotherapy using a TRANSAIR-02 apparatus . Laboratory studies included measurements of lactoferrin ( LF ) and tumour necrosis factor-alpha ( TNF-alpha ) , besides standard analyses . Combined treatment ( traditional therapy plus electrostimulation ) resulted in a significant reduction in duration of the main symptoms of the gastric ulcer depending on the severity of ulceration process , patients ' age and sex . Moreover , it facilitated ulcer scarring and had beneficial effect on dynamics of serum LF and TNF-alpha levels .",patients with gastric ulcer,Hit (Relaxed),1.0,transcranial electrotherapy using a TRANSAIR-02 apparatus,Hit (Relaxed),1.0,reduction in duration of the main symptoms of the gastric ulcer,Hit (Relaxed),1.0
"[ Effects of auditory integrative training on autistic children ] . OBJECTIVE To explore the short-term treatment effect of the auditory integrative training on autistic children and provide them with clinical support for rehabilitative treatment . METHODS A total of 81 cases of autistic children were selected through the standard of DSM-4 and clinical case study was used . They were divided randomly into experimental group and control one , and respectively received auditory integrative training and no training based on the multiple therapies . The patients were investigated using clinical manifestation and Autism Behavior Checklist ( ABC ) and intelligence quotient ( IQ ) before and after six months of treatment . The effect was evaluated through the changes of clinical manifestations and scores of ABC and IQ . The changes of scores of IQ were determined with Gesell and WPPSI or WISC-R . RESULTS Compared with 40 patients of the control group after the six months of the auditory integrative training , 41 of the experimental group had greatly improved in many aspects , such as the disorders of their language , social interactions and typical behavior symptoms while they had not changed in their abnormal behaviors . The scores of IQ or DQ had increased and scores of ABC had dropped . The differences between the two groups were greatly significant in statistics ( P < 0.01 ) . The decreasing level of both ABC scores and the increasing level of the IQ scores were negatively correlated with age , and the decreasing level of ABC scores was in line regression ( positive correlation ) with base IQ . CONCLUSION The treatment of auditory integrative training ( AIT ) could greatly improve on language disorders , the difficulties of social interactions , typical behavior symptoms and developmental levels , therefore it is positive to the autistic children in its short-term treatment effect .",autistic children,Hit (Relaxed),1.0,auditory integrative training (AIT),Hit (Relaxed),1.0,"language disorders, the difficulties of social interactions, typical behavior symptoms and developmental levels",Hit (Relaxed),1.0
"The effect of weight training on bone mineral density and bone turnover in postmenopausal breast cancer survivors with bone loss : a 24-month randomized controlled trial . SUMMARY This study examined whether 24 months of weight training exercises enhanced the effectiveness of risedronate , calcium , and vitamin D in maintaining or improving bone mineral density ( BMD ) in 223 postmenopausal breast cancer survivors . Subjects who were > or =50 % adherent to exercise had no improvement in BMD but were less likely to lose BMD . INTRODUCTION This study examined whether ( 1 ) postmenopausal breast cancer survivors ( BCS ) with bone loss taking 24 months of risedronate , calcium , and vitamin D had increased bone mineral density ( BMD ) at the total hip , femoral neck , L1-L4 spine , total radius and 33 % radius , and decreased bone turnover ; ( 2 ) subjects who also participated in strength/weight training ( ST ) exercises had greater increases in BMD and greater decreases in bone turnover ; and ( 3 ) subjects who also exercised were more likely to preserve ( at least maintain ) BMD . METHODS Postmenopausal BCS ( 223 ) were randomly assigned to exercise plus medication or medication only groups . Both groups received 24 months of 1,200 mg of calcium and 400 IU of vitamin D daily and 35 mg of risedronate weekly , and the exercise group additionally had ST exercises twice weekly . RESULTS After 24 months , women who took medications without exercising had significant improvements in BMD at the total hip ( +1.81 % ) and spine ( +2.85 % ) and significant decreases in Alkphase B ( -8.7 % ) and serum NTx ( -16.7 % ) . Women who also exercised had additional increases in BMD at the femoral neck ( +0.29 % ) , total hip ( +0.34 % ) , spine ( +0.23 % ) , total radius ( +0.30 % ) , and additional decreases in Alkphase B ( -2.4 % ) and Serum NTx ( -6.5 % ) . Additional changes in BMD and bone turnover with exercise were not significant . Subjects who were > or =50 % adherent to exercise were less likely to lose BMD at the total hip ( chi-square [ 1 ] = 4.66 , p = 0.03 ) and femoral neck ( chi-square [ 1 ] = 4.63 , p = 0.03 ) . CONCLUSION Strength/weight training exercises may prevent loss of BMD in postmenopausal BCS at risk for bone loss .",postmenopausal breast cancer survivors with bone loss,Hit (Relaxed),1.0,"24 months of weight training exercises and risedronate, calcium, and vitamin D",Hit (Relaxed),1.0,bone mineral density (BMD) and bone turnover,Hit (Relaxed),1.0
"Randomized phase II study of two different schedules of gemcitabine and oral S-1 in chemo-naïve patients with advanced non-small cell lung cancer . INTRODUCTION This study was conducted to evaluate the efficacy and safety and to compare dosing schedules of gemcitabine combined with S-1 in chemo-naïve non-small cell lung cancer patients . METHODS Patients with chemo-naïve stage IIIB/IV non-small cell lung cancer were randomized into two treatment arms . Patients were given oral S-1 ( 60 mg/m/d , twice a day ) from days 1 to 14 with gemcitabine ( 1000 mg/m/d ) on days 1 and 8 ( arm A ) or on days 8 and 15 ( arm B ) . This cycle was repeated every 21 days . RESULTS A total of 80 patients were entered in this trial . The primary end point of this study was response rate . The response rates of arm A and arm B were 22.0 and 28.9 % , respectively ( p = 0.606 ) . Median time to treatment failure in arm A was 3.6 months and 4.8 months in arm B . Median time to progression in arm A was 4.1 months and 5.5 months in arm B . Median survival time in arm A and arm B was 15.5 months and 18.8 months , respectively . The toxicity profile was relatively mild and did not differ very much between two arms . CONCLUSION The combination of gemcitabine and S-1 was determined to be feasible and effective for advanced non-small cell lung cancer . We selected arm B for further studies because of its higher response rate and survival data .",chemo-naïve patients with advanced non-small cell lung cancer,Hit (Relaxed),1.0,gemcitabine combined with S-1,Hit (Relaxed),1.0,response rate,Hit (Relaxed),1.0
"Remote ischaemic conditioning before hospital admission , as a complement to angioplasty , and effect on myocardial salvage in patients with acute myocardial infarction : a randomised trial . BACKGROUND Remote ischaemic preconditioning attenuates cardiac injury at elective surgery and angioplasty . We tested the hypothesis that remote ischaemic conditioning during evolving ST-elevation myocardial infarction , and done before primary percutaneous coronary intervention , increases myocardial salvage . METHODS 333 consecutive adult patients with a suspected first acute myocardial infarction were randomly assigned in a 1:1 ratio by computerised block randomisation to receive primary percutaneous coronary intervention with ( n=166 patients ) versus without ( n=167 ) remote conditioning ( intermittent arm ischaemia through four cycles of 5-min inflation and 5-min deflation of a blood-pressure cuff ) . Allocation was concealed with opaque sealed envelopes . Patients received remote conditioning during transport to hospital , and primary percutaneous coronary intervention in hospital . The primary endpoint was myocardial salvage index at 30 days after primary percutaneous coronary intervention , measured by myocardial perfusion imaging as the proportion of the area at risk salvaged by treatment ; analysis was per protocol . This study is registered with ClinicalTrials.gov , number NCT00435266 . FINDINGS 82 patients were excluded on arrival at hospital because they did not meet inclusion criteria , 32 were lost to follow-up , and 77 did not complete the follow-up with data for salvage index . Median salvage index was 0.75 ( IQR 0.50-0.93 , n=73 ) in the remote conditioning group versus 0.55 ( 0.35-0.88 , n=69 ) in the control group , with median difference of 0.10 ( 95 % CI 0.01-0.22 ; p=0.0333 ) ; mean salvage index was 0.69 ( SD 0.27 ) versus 0.57 ( 0.26 ) , with mean difference of 0.12 ( 95 % CI 0.01-0.21 ; p=0.0333 ) . Major adverse coronary events were death ( n=3 per group ) , reinfarction ( n=1 per group ) , and heart failure ( n=3 per group ) . INTERPRETATION Remote ischaemic conditioning before hospital admission increases myocardial salvage , and has a favourable safety profile . Our findings merit a larger trial to establish the effect of remote conditioning on clinical outcomes . FUNDING Fondation Leducq .",patients with acute myocardial infarction,Hit (Relaxed),1.0,primary percutaneous coronary intervention with intermittent arm ischaemia through four cycles of 5-min inflation and 5-min deflation of a blood-pressure cuff,Hit (Relaxed),1.0,myocardial salvage index at 30 days after primary percutaneous coronary intervention,Hit (Relaxed),1.0
"Cryoprobe biopsy increases the diagnostic yield in endobronchial tumor lesions . OBJECTIVE Forceps biopsy is the standard method to obtain specimens in endoscopically visible lesions . It is common to combine forceps biopsy with cytology methods to increase the diagnostic yield . Although the flexible cryoprobe has been established for bronchoscopic interventions in malignant stenosis , the obtained biopsies , called "" cryobiopsies , "" have not been investigated in a large cohort of patients . The aim of this feasibility study was to prospectively evaluate the diagnostic yield and safety of cryobiopsy and forceps biopsy . METHODS During a 6-year period , 296 patients with visible endoluminal tumor lesions were included in the study at the bronchoscopy unit of a university hospital . In the first consecutively conducted 55 cases , both techniques , forceps biopsy and cryobiopsy , were applied simultaneously . Pathologic and quantitative image analyses were performed to evaluate the size and quality of the obtained specimens . We evaluated the safety and diagnostic yield to describe the feasibility of cryobiopsy . RESULTS Comparative analysis of the first conducted and randomly assigned 55 cases revealed a significantly higher diagnostic yield for cryobiopsy compared with forceps biopsy ( 89.1 % vs 65.5 % , P < .05 ) . In this cohort , quantitative image analysis showed significantly larger biopsies regarding size and artifact-free tissue sections for cryobiopsy compared with forceps biopsy ( P < .0001 ) . The overall diagnostic yield of cryobiopsy was 89.5 % . Mild bleeding occurred in 11 cases ( 3.7 % ) , moderate bleeding occurred in 3 cases ( 1.0 % ) , and severe bleeding occurred in 1 case ( 0.3 % ) . CONCLUSION Cryobiopsy is safe and increases the diagnostic yield in endobronchial tumor lesions . The method also is feasible under routine conditions .",patients with visible endoluminal tumor lesions,Hit (Relaxed),1.0,cryoprobe biopsy,Hit (Relaxed),1.0,diagnostic yield,Hallucinated,0.0
"Virtual reality hypnosis for pain associated with recovery from physical trauma . Pain following traumatic injuries is common , can impair injury recovery and is often inadequately treated . In particular , the role of adjunctive nonpharmacologic analgesic techniques is unclear . The authors report a randomized , controlled study of 21 hospitalized trauma patients to assess the analgesic efficacy of virtual reality hypnosis ( VRH ) -hypnotic induction and analgesic suggestion delivered by customized virtual reality ( VR ) hardware/software . Subjective pain ratings were obtained immediately and 8 hours after VRH ( used as an adjunct to standard analgesic care ) and compared to both adjunctive VR without hypnosis and standard care alone . VRH patients reported less pain intensity and less pain unpleasantness compared to control groups . These preliminary findings suggest that VRH analgesia is a novel technology worthy of further study , both to improve pain management and to increase availability of hypnotic analgesia to populations without access to therapist-provided hypnosis and suggestion .",patients or problem. Return null if none.,Hallucinated,0.0,main treatment. Return null if none.,Hallucinated,0.0,primary results. Return null if none.,Hallucinated,0.0
"Influence of diets rich in Maillard reaction products on calcium bioavailability . Assays in male adolescents and in Caco-2 cells . The effects of the high intake of Maillard reaction products ( MRP ) on calcium availability in adolescents and across Caco-2 cell monolayers were examined . In a 2 week randomized two-period crossover trial , 18 male adolescents consumed two diets , named white diet ( WD ) and brown diet ( BD ) , which were poor and rich in MRP , respectively . A 3 day balance was performed at the end of each period , and fasting blood samples were collected . Calcium solubility and absorption across Caco-2 cells were studied after the in vitro digestion of the diets . The in vitro assay showed similar solubility after the in vitro digestion and similar transport across Caco-2 cells . In accordance , calcium bioavailability in adolescents did not vary between the diets ( % WD = 40.4 +/- 5.1 , % BD = 38.2 +/- 3.6 ) . Serum and urine biochemical parameters related to calcium status and bone metabolism remained unaltered . Only deoxypyridinoline values were significantly lower after consumption of the BD ( 13.0 +/- 1.1 compared to 18.3 +/- 2.1 nM/Mm Cr in the WD ) , possibly indicative of less efficient bone turnover during this period . As calcium acquired during adolescence is essential to maximize peak bone mass and to prevent osteoporosis , possible long-term effects of excessive MRP intake during this period warrant attention .",male adolescents,Hit (Relaxed),1.0,diets rich in Maillard reaction products,Hit (Relaxed),1.0,calcium bioavailability,Hit (Relaxed),1.0
"Effectiveness of hygienic-dietary recommendations as enhancers of antidepressant treatment in patients with depression : study protocol of a randomized controlled trial . BACKGROUND In recent years some studies have been published supporting the efficacy of light exposure , physical activity , sleep control and a Mediterranean diet pattern on the improvement or prevention of depression . However , to our knowledge , there have been no studies using all these measures together as an adjuvant antidepressant strategy . METHODS Multicenter , randomized , controlled , two arm-parallel , clinical trial . Eighty depressed patients undergoing standard antidepressant treatment will be advised to follow four additional hygienic-dietary recommendations about exercise , diet , sunlight exposure and sleep . Outcome measures will be assessed before and after the 6 month intervention period . DISCUSSION We expect the patients in the active recommendations group to experience a greater improvement in their depressive symptoms . If so , this would be a great support for doctors who might systematically recommend these simple and costless measures , especially in primary care . TRIAL REGISTRATION ISRCTN59506583 .",patients with depression,Hit (Relaxed),1.0,hygienic-dietary recommendations,Hit (Relaxed),1.0,depressive symptoms,Hit (Relaxed),1.0
"Therapeutic effects of combined treatment using tetracycline-immobilized collagen film and root planing in periodontal furcation pockets . 46 upper and lower molars with furcation grade II involvement were selected from 16 patients with periodontal disease . The teeth were randomly allocated to the following groups according to treatment ; ( 1 ) 4 consecutive administrations of tetracycline-immobilized cross-linked collagen film ( TC film ) at intervals of 1 week ( TC group ) ; ( 2 ) 1 root planing treatment ( RP group ) ; ( 3 ) combination treatment ( TC + RP group ) ; ( 4 ) no treatment ( control group ) . The therapeutic effects of each treatment were compared both clinically and microbiologically . Records of plaque index , gingival index , bleeding on probing , probing depth , probing attachment level and microscopic counts were obtained at 0 , 4 , 6 and 8 weeks . The results showed marked decreases in probing depth and density of micro-organisms in both the RP and TC + RP groups . In particular , the TC + RP group was characterized by a decreased rate of bleeding on pocket probing and an increased probing attachment gain . The above findings demonstrated that root planning is effective in the treatment of furcation involvement and that the effects are enhanced by the local administration of TC films .",16 patients with periodontal disease,Hit (Relaxed),1.0,tetracycline-immobilized cross-linked collagen film (TC film),Hit (Relaxed),1.0,probing attachment gain,Hit (Relaxed),1.0
"Eltrombopag for management of chronic immune thrombocytopenia ( RAISE ) : a 6-month , randomised , phase 3 study . BACKGROUND Eltrombopag is an oral thrombopoietin receptor agonist for the treatment of thrombocytopenia . We aimed to compare the response to once daily eltrombopag versus placebo in patients with chronic immune thrombocytopenia during a 6-month period . METHODS We undertook a phase 3 , double-blind , placebo-controlled study in adults with previously treated immune thrombocytopenia of more than 6 months ' duration who had baseline platelet counts lower than 30,000 per μL . Patients were randomly allocated ( in a 2:1 ratio ) treatment with local standard of care plus 50 mg eltrombopag or matching placebo once daily for 6 months . Randomisation was done centrally with a computer-generated randomisation schedule and was stratified by baseline platelet count ( ≤ 15,000 per μL ) , use of treatment for immune thrombocytopenia , and splenectomy status . Patients , investigators , and those assessing data were masked to allocation . Dose modifications were made on the basis of platelet response . Patients were assessed for response to treatment ( defined as a platelet count of 50,000-400,000 per μL ) weekly during the first 6 weeks and at least once every 4 weeks thereafter ; the primary endpoint was the odds of response to eltrombopag versus placebo . Analysis was by intention to treat . This study is registered at ClinicalTrials.gov , number NCT00370331 . FINDINGS Between Nov 22 , 2006 , and July 31 , 2007 , 197 patients were randomly allocated to treatment groups and were included in the intention-to-treat analysis ( 135 eltrombopag , 62 placebo ) . 106 ( 79 % ) patients in the eltrombopag group responded to treatment at least once during the study , compared with 17 ( 28 % ) patients in the placebo group . The odds of responding were greater in patients in the eltrombopag group compared with those in the placebo group throughout the 6-month treatment period ( odds ratio 8·2 , 99 % CI 3·59-18·73 ; p < 0·0001 ) . 37 ( 59 % ) patients receiving eltrombopag reduced concomitant treatment versus ten ( 32 % ) patients receiving placebo ( p=0·016 ) . 24 ( 18 % ) patients receiving eltrombopag needed rescue treatment compared with 25 ( 40 % ) patients receiving placebo ( p=0·001 ) . Three ( 2 % ) patients receiving eltrombopag had thromboembolic events compared with none in patients on placebo . Nine ( 7 % ) eltrombopag-treated patients and two ( 3 % ) in the placebo group had mild increases in alanine aminotransferase concentration , and five ( 4 % ) eltrombopag-treated patients ( vs none allocated to placebo ) had increases in total bilirubin . Four ( 7 % ) patients taking placebo had serious bleeding events , compared with one ( < 1 % ) patient treated with eltrombopag . INTERPRETATION Eltrombopag is effective for management of chronic immune thrombocytopenia , and could be particularly beneficial for patients who have not responded to splenectomy or previous treatment . These benefits should be balanced with the potential risks associated with eltrombopag treatment . FUNDING GlaxoSmithKline .",adults with previously treated immune thrombocytopenia of more than 6 months' duration,Hit (Relaxed),1.0,local standard of care plus 50 mg eltrombopag or matching placebo once daily for 6 months,Hit (Relaxed),1.0,"response to treatment (defined as a platelet count of 50,000-400,000 per μL)",Hit (Relaxed),1.0
"Randomized controlled trial of acupuncture versus sham acupuncture in autism spectrum disorder . OBJECTIVE We aim to study the efficacy of acupuncture versus sham acupuncture in children with autism spectrum disorder . METHODS A single-blind randomized control trial was conducted in 50 children . These children were randomly assigned to the treatment group with tongue acupuncture ( 40 sessions over 8 weeks ) or the control group ( sham tongue acupuncture to nonacupoints in the tongue ) . RESULTS There was improvement in both the treatment and control groups in all assessed measures but more so in the treatment than in the control group : ( 1 ) eye-hand coordination , performance , and practical reasoning of Griffiths Mental Developmental Scale ; ( 2 ) sensory-motor , social , affectual , language , and total score of Ritvo-Freeman Real Life Scale ; ( 3 ) Comprehension Language age in the Reynell Language Developmental Scale ; and ( 4 ) Total Score and Mental Age in Symbolic Play Test . The only statistically significant improvement in the treatment as compared to the control group was seen in self-care and cognition domains of the Functional Independence Measure for children . CONCLUSIONS We had demonstrated that a short course of acupuncture had efficacy in improving various developmental and behavioral aspects of children with autism . The long-term efficacy in functional gain needs to be further explored .",children with autism spectrum disorder,Hit (Relaxed),1.0,acupuncture versus sham acupuncture,Hit (Relaxed),1.0,developmental and behavioral aspects,Hallucinated,0.0
"The immediate efficacy of adjunctive doxycycline in treatment of localized juvenile periodontitis . A randomized , double-blind , placebo-controlled study on the immediate clinical and microbiological efficacy of doxycycline ( 100 mg for 14 days ) was carried out to determine the benefit of adjunctive medication in 16 patients with localized juvenile periodontitis . Measurements of gingival fluid flow , probing depths , bleeding on probing and suppuration were determined at 2 periodontal sites with and 2 without radiographic attachment loss , at weeks 0 , 1 , 3 and 8 . Subgingival bacterial samples were taken with curettes from the same sites . Spirochaetes were searched for by dark-field microscopy . Actinobacillus actinomycetemcomitans , pigmented and non-pigmented Bacteroides spp. , Capnocytophaga , Fusobacterium and Actinomyces spp . were cultured on various selective and non-selective media . Bacterial species found at least in 50 % of the patients and comprising on average 5 % or more of the cultivable flora were included in the analysis . Neither short-term clinical nor microbiological efficacy beyond that of a course of mechanical debridement alone was found by using systemic medication with doxycycline in patients with localized juvenile periodontitis .",patients with localized juvenile periodontitis,Hit (Relaxed),1.0,doxycycline (100 mg for 14 days),Hit (Relaxed),1.0,short-term clinical and microbiological efficacy,Hit (Relaxed),1.0
"Visual and kinesthetic locomotor imagery training integrated with auditory step rhythm for walking performance of patients with chronic stroke . OBJECTIVE To compare the effect of visual and kinesthetic locomotor imagery training on walking performance and to determine the clinical feasibility of incorporating auditory step rhythm into the training . DESIGN Randomized crossover trial . SETTING Laboratory of a Department of Physical Therapy . SUBJECTS Fifteen subjects with post-stroke hemiparesis . INTERVENTION Four locomotor imagery trainings on walking performance : visual locomotor imagery training , kinesthetic locomotor imagery training , visual locomotor imagery training with auditory step rhythm and kinesthetic locomotor imagery training with auditory step rhythm . MAIN OUTCOME MEASURES The timed up-and-go test and electromyographic and kinematic analyses of the affected lower limb during one gait cycle . RESULTS After the interventions , significant differences were found in the timed up-and-go test results between the visual locomotor imagery training ( 25.69 ± 16.16 to 23.97 ± 14.30 ) and the kinesthetic locomotor imagery training with auditory step rhythm ( 22.68 ± 12.35 to 15.77 ± 8.58 ) ( P < 0.05 ) . During the swing and stance phases , the kinesthetic locomotor imagery training exhibited significantly increased activation in a greater number of muscles and increased angular displacement of the knee and ankle joints compared with the visual locomotor imagery training , and these effects were more prominent when auditory step rhythm was integrated into each form of locomotor imagery training . The activation of the hamstring during the swing phase and the gastrocnemius during the stance phase , as well as kinematic data of the knee joint , were significantly different for posttest values between the visual locomotor imagery training and the kinesthetic locomotor imagery training with auditory step rhythm ( P < 0.05 ) . CONCLUSIONS The therapeutic effect may be further enhanced in the kinesthetic locomotor imagery training than in the visual locomotor imagery training . The auditory step rhythm together with the locomotor imagery training produces a greater positive effect in improving the walking performance of patients with post-stroke hemiparesis .",patients with chronic stroke,Hit (Relaxed),1.0,visual and kinesthetic locomotor imagery training integrated with auditory step rhythm,Hit (Relaxed),1.0,walking performance,Hallucinated,0.0
"[ Efficacy of paliperidone extended-release tablets in the improvement of social functions in schizophrenics : a randomized and controlled study ] . OBJECTIVE To explore the efficacy of paliperidone extended-release tablets in the improvement of social functions in schizophrenics . METHODS A total of 81 schizophrenics were randomly divided into study group with paliperidone extended-release tablets and control group with risperidone for a 12-week treatment . They were assessed and analyzed by positive and negative symptoms scales ( PANSS ) , social disability screening schedule ( SDSS ) and treatment emergent symptom scale ( TESS ) at baseline , 6 ( th ) weekend and 12 ( th ) weekend . RESULTS In study group , the factors and total scores of PANSS in the 12 ( th ) weekend of treatment [ ( 12.0 ± 2.8 ) , ( 12.1 ± 3.6 ) , ( 26.2 ± 5.0 ) , ( 50.2 ± 8.7 ) ] were all significantly lower than those at baseline [ ( 24.7 ± 5.3 ) , ( 23.8 ± 3.6 ) , ( 45.0 ± 2.9 ) , ( 93.5 ± 6.8 ) ] ( t = 9.60-16.78 , P < 0.05 ) . In study group , the positive factor , negative factor and total scores of PANSS in the 12 ( th ) weekend of treatment [ ( 12.0 ± 2.8 ) , ( 12.1 ± 3.6 ) , ( 50.2 ± 8.7 ) ] were all significantly lower than those in the 6 ( th ) weekend of treatment [ ( 14.2 ± 1.8 ) , ( 14.6 ± 2.4 ) , ( 56.5 ± 6.4 ) ] ( t = 2.58-4.26 , P < 0.05 ) . In the 12 ( th ) weekend of treatment , the factors and total scores of PANSS in study group [ ( 12.0 ± 2.8 ) , ( 12.1 ± 3.6 ) , ( 26.2 ± 5.0 ) , ( 50.2 ± 8.7 ) ] were all significantly lower than those in control group [ ( 16.9 ± 4.9 ) , ( 18.7 ± 5.3 ) , ( 32.5 ± 5.1 ) , ( 68.1 ± 13.0 ) ] ( t = -4.28 -- 5.67 , P < 0.05 ) . In study group , the total scores of SDSS in the 12 ( th ) weekend of treatment ( 5.93 ± 2.78 ) were significantly lower than those at baseline ( 13.9 ± 3.4 ) ( t = 10.83 , P < 0.05 ) . In study group , the total scores of SDSS in the 12 ( th ) weekend of treatment ( 5.9 ± 2.8 ) were significantly lower than those in the 6 ( th ) weekend of treatment ( 7.6 ± 2.9 ) ( t = 5.21 , P < 0.05 ) . But there was no significant improvement in control group ( t = 1.88 , P > 0.05 ) . In the 12 ( th ) weekend of treatment , the total scores of SDSS in study group ( 5.9 ± 2.8 ) were significantly lower than those in control group ( 8.8 ± 2.9 ) ( t = -4.49 , P < 0.05 ) . No severe adverse effect was reported in either group . CONCLUSION Paliperidone extended-release tablets are effective to improve social functions and psychiatric symptoms of schizophrenics .",schizophrenics,Hit (Relaxed),1.0,paliperidone extended-release tablets,Hit (Relaxed),1.0,social functions,Hit (Relaxed),1.0
"Time-varying smoking abstinence predicts lower depressive symptoms following smoking cessation treatment . INTRODUCTION The question of whether abstinence during the months following a planned quit attempt exacerbates or improves depressive symptoms is an important clinical issue . Extant research has primarily modeled between-person covariation between postquit abstinence and depressive symptom trajectories . However , this approach can not account for potential third variables between participants that may affect both smoking and depression . Accordingly , the current study examined within-person covariation between time-varying abstinence and depressive symptom in a multilevel model ( MLM ) , which allowed for transitions between smoking statuses within a participant . METHODS Participants were 236 heavy drinking smokers in a randomized clinical trial testing the efficacy of incorporating brief alcohol intervention into smoking cessation treatment . Depressive symptoms and biochemically verified abstinence were assessed 1 week prior to and 2 , 8 , 16 , and 26 weeks after quit date . RESULTS MLMs indicated a slight increase in depressive symptoms over time in the sample as a whole . However , there was an inverse relation between time-varying abstinence ( vs. smoking ) and concurrent level of depressive symptoms , indicating that transitions from smoking to abstinence within individuals were associated with reductions in depressive symptoms . CONCLUSIONS During the first 6 months following a planned quit attempt , being abstinent in a particular week appears to be associated with lower levels of concurrent depressive symptoms . These results are not concordant with the view that intentional smoking abstinence exacerbates depressive symptoms . Efforts to promote smoking cessation should highlight that individuals are likely to feel more rather than less psychologically healthy when they successfully quit smoking .",heavy drinking smokers,Hit (Relaxed),1.0,incorporating brief alcohol intervention into smoking cessation treatment,Hit (Relaxed),1.0,depressive symptoms,Hit (Relaxed),1.0
"Serum biochemical characteristics of Beluga , Huso huso ( L. ) , in response to blood sampling after clove powder solution exposure . In order to investigate the effect of anesthesia on serum parameters , Beluga , Huso huso ( L. ) were blood-sampled immediately without anesthesia ( control ) or subjected to following anesthesia procedure : 40 , 120 , and 240 s exposure to 3,000 , 700 , and 500 mg l⁻¹ clove solution , respectively . Blood samples were collected after these periods , when fish were immobile and reached stage 4 anesthesia . Results showed that cortisol and glucose levels were significantly high in 700 and 500 but not 3,000 mg l⁻¹ group compared to control . Serum lactate levels were significantly high in 500 mg l⁻¹ group compared to control group . Lactate levels were not significantly differed between control , 3,000 , and 700 mg l⁻¹ groups . There were no significant differences in serum levels of cholesterol , total protein , lactate dehydrogenase , aspartate aminotransferase , alanine aminotransferase , Na⁺ , Cl⁻ , K⁺ , and Ca²⁺ . Results suggest that rapid anesthesia with higher dose is better than slow anesthesia with lower dose for blood sampling in Beluga .","Beluga, Huso huso (L.)",Hit (Relaxed),1.0,clove powder solution exposure,Hallucinated,0.0,serum biochemical characteristics,Hallucinated,0.0
"Lowering the triglyceride/high-density lipoprotein cholesterol ratio is associated with the beneficial impact of pioglitazone on progression of coronary atherosclerosis in diabetic patients : insights from the PERISCOPE ( Pioglitazone Effect on Regression of Intravascular Sonographic Coronary Obstruction Prospective Evaluation ) study . OBJECTIVES The purpose of this study was to determine the factors associated with the favorable effect of pioglitazone on atheroma progression . BACKGROUND Diabetes mellitus is associated with accelerated coronary atheroma progression . Pioglitazone slowed progression compared with glimepiride in this population . METHODS In all , 360 diabetic patients with coronary artery disease were treated with pioglitazone or glimepiride for 18 months in the PERISCOPE ( Pioglitazone Effect on Regression of Intravascular Sonographic Coronary Obstruction Prospective Evaluation ) study . Coronary atheroma progression was evaluated by serial intravascular ultrasound . The relationship between changes in biochemical parameters , percent atheroma volume , and total atheroma volume was investigated . RESULTS Pioglitazone-treated patients demonstrated greater increases in high-density lipoprotein cholesterol ( HDL-C ) and reductions in glycated hemoglobin , triglycerides , and C-reactive protein . Significant correlations were observed between changes in percent atheroma volume and triglycerides ( r = 0.15 , p = 0.04 ) , triglyceride/HDL-C ratio ( r = 0.16 , p = 0.03 ) , and glycated hemoglobin ( r = 0.16 , p = 0.03 ) with pioglitazone , and changes in low-density lipoprotein cholesterol ( r = -0.15 , p = 0.05 ) , apolipoprotein B ( r = -0.16 , p = 0.04 ) , and apolipoprotein A-I ( r = -0.20 , p = 0.01 ) with glimepiride . Substantial atheroma regression , compared to progression , was associated with greater relative increases in HDL-C ( 14.2 % vs. 7.8 % , p = 0.04 ) , relative decreases in triglycerides ( -13.3 % vs. -1.9 % , p = 0.045 ) , triglyceride/HDL-C ratio ( -22.5 vs. -9.9 % , p = 0.05 ) , and decrease in glycated hemoglobin ( -0.6 % vs. -0.3 % , p = 0.01 ) . Multivariable analysis revealed that pioglitazone-induced effects on triglyceride/HDL-C were associated with changes in percent atheroma volume ( p = 0.03 ) and total atheroma volume ( p = 0.02 ) . CONCLUSIONS Favorable effects of pioglitazone on the triglyceride/HDL-C ratio correlated with delayed atheroma progression in diabetic patients . This finding highlights the potential importance of targeting atherogenic dyslipidemia in diabetic patients with coronary artery disease .",diabetic patients,Hit (Relaxed),1.0,pioglitazone,Hit (Relaxed),1.0,atheroma progression,Hallucinated,0.0
"Distinct fast and slow processes contribute to the selection of preferred step frequency during human walking . Humans spontaneously select a step frequency that minimizes the energy expenditure of walking . This selection might be embedded within the neural circuits that generate gait so that the optimum is pre-programmed for a given walking speed . Or perhaps step frequency is directly optimized , based on sensed feedback of energy expenditure . Direct optimization is expected to be slow due to the compounded effect of delays and iteration , whereas a pre-programmed mechanism presumably allows for faster step frequency selection , albeit dependent on prior experience . To test for both pre-programmed selection and direct optimization , we applied perturbations to treadmill walking to elicit transient changes in step frequency . We found that human step frequency adjustments ( n = 7 ) occurred with two components , the first dominating the response ( 66 ± 10 % of total amplitude change ; mean ± SD ) and occurring quite quickly ( 1.44 ± 1.14 s to complete 95 % of total change ) . The other component was of smaller amplitude ( 35 ± 10 % of total change ) and took tens of seconds ( 27.56 ± 16.18 s for 95 % completion ) . The fast process appeared to be too fast for direct optimization and more indicative of a pre-programmed response . It also persisted even with unusual closed-loop perturbations that conflicted with prior experience and rendered the response energetically suboptimal . The slow process was more consistent with the timing expected for direct optimization . Our interpretation of these results is that humans may rely heavily on pre-programmed gaits to rapidly select their preferred step frequency and then gradually fine-tune that selection with direct optimization .",humans,Hallucinated,0.0,treadmill walking perturbations,Hit (Relaxed),1.0,step frequency adjustments,Hit (Relaxed),1.0
"A novel approach to the use of subgingival controlled-release chlorhexidine delivery in chronic periodontitis : a randomized clinical trial . BACKGROUND We aimed to analyze clinical , microbiologic , and serologic effects of chlorhexidine ( CHX ) chips used as a subgingival controlled-release delivery device before and immediately after scaling and root planing ( SRP ) . METHODS Twenty-four patients presenting with ≥12 teeth with probing depth ( PD ) ≥5 mm and bleeding on probing were assigned in test or control groups . After prophylaxis , CHX chips ( test ) or placebo chips ( control ) were placed in pockets with PD ≥5 mm . Ten days later , SRP was performed in all teeth with PD ≥4 mm in a single appointment . Immediately after SRP , new chips were inserted in all pockets with PD ≥5 mm . Parameters were assessed at baseline ; beginning of SRP ; and 1 , 3 , and 6 months after treatment . Subgingival samples were obtained at baseline ; beginning of SRP ; and at 1 month after treatment . Periodontal pathogens Aggregatibacter actinomycetemcomitans , Porphyromonas gingivalis , Prevotella intermedia , Tannerella forsythia , and Treponema denticola were analyzed . Serum levels of high sensitive C-reactive and lipopolysaccharide-binding proteins were measured . The changes of the parameters between and within the groups were tested by Mann-Whitney U test ( P < 0.05 ) . RESULTS All clinical and serologic parameters improved in both groups over time . There was a significant difference in clinical attachment level ( CAL ) gain from baseline to 6 months between groups ( 1.17 mm in the test group versus 0.79 mm in the placebo group ) ( P < 0.05 ) . The treatment with CHX chips showed a greater reduction of the microorganisms of the "" red complex "" after 1 month ( P = 0.02 ) . CONCLUSION The use of CHX chips before and immediately after SRP improved CAL and reduced the subgingival microorganisms of the red complex in the treatment of chronic periodontitis .",patients presenting with ≥12 teeth with probing depth ( PD ) ≥5 mm and bleeding on probing,Hit (Relaxed),1.0,chlorhexidine ( CHX ) chips used as a subgingival controlled-release delivery device,Hit (Relaxed),1.0,clinical attachment level ( CAL ) gain,Hit (Relaxed),1.0
"Intervention to lower household wood smoke exposure in Guatemala reduces ST-segment depression on electrocardiograms . BACKGROUND A large body of evidence suggests that fine particulate matter ( PM ) air pollution is a cause of cardiovascular disease , but little is known in particular about the cardiovascular effects of indoor air pollution from household use of solid fuels in developing countries . RESPIRE ( Randomized Exposure Study of Pollution Indoors and Respiratory Effects ) was a randomized trial of a chimney woodstove that reduces wood smoke exposure . OBJECTIVES We tested the hypotheses that the stove intervention , compared with open fire use , would reduce ST-segment depression and increase heart rate variability ( HRV ) . METHODS We used two complementary study designs : a ) between-groups comparisons based on randomized stove assignment , and b ) before-and-after comparisons within control subjects who used open fires during the trial and received chimney stoves after the trial . Electrocardiogram sessions that lasted 20 hr were repeated up to three times among 49 intervention and 70 control women 38-84 years of age , and 55 control subjects were also assessed after receiving stoves . HRV and ST-segment values were assessed for each 30-min period . ST-segment depression was defined as an average value below -1.00 mm . Personal fine PM [ aerodynamic diameter ≤ 2.5 μm ( PM₂.₅ ] exposures were measured for 24 hr before each electrocardiogram . RESULTS PM₂.₅ exposure means were 266 and 102 μg/m³ during the trial period in the control and intervention groups , respectively . During the trial , the stove intervention was associated with an odds ratio of 0.26 ( 95 % confidence interval , 0.08-0.90 ) for ST-segment depression . We found similar associations with the before-and-after comparison . The intervention was not significantly associated with HRV . CONCLUSIONS The stove intervention was associated with reduced occurrence of nonspecific ST-segment depression , suggesting that household wood smoke exposures affect ventricular repolarization and potentially cardiovascular health .",women 38-84 years of age,Hit (Relaxed),1.0,chimney woodstove,Hit (Relaxed),1.0,ST-segment depression,Hit (Relaxed),1.0
"Insulin pump therapy started at the time of diagnosis : effects on glycemic control and pancreatic β-cell function in type 1 diabetes . BACKGROUND In the interest of preserving residual insulin secretory capacity present at the time of diagnosis with type 1 diabetes ( T1D ) , we compared the efficacy of starting insulin pump therapy at diagnosis with standard multiple daily insulin injections ( MDIs ) . METHODS We conducted a prospective , randomized , pilot trial comparing MDI therapy with continuous subcutaneous insulin therapy ( pump therapy ) in 24 patients , 8-18 years old , with newly diagnosed T1D . Subjects were evaluated at enrollment and 1 , 3 , 6 , 9 , and 12 months after initial diagnosis of T1D . Preservation of insulin secretion , measured by mixed-meal-stimulated C-peptide secretion , was compared after 6 and 12 months of treatment . Between-group differences in glycosylated hemoglobin ( HbA1c ) , continuous glucose sensor data , insulin utilization , anthropometric measures , and patient satisfaction with therapy were also compared at multiple time points . RESULTS Initiation of pump therapy within 1 month of diagnosis resulted in consistently higher mixed-meal tolerance test-stimulated C-peptide values at all time points , although these differences were not statistically significant . Nonetheless , improved glycemic control was observed in insulin pump-treated subjects ( more time spent with normoglycemia , better mean HbA1c ) , and pump-treated subjects reported comparatively greater satisfaction with route of treatment administration . CONCLUSIONS Initiation of insulin pump therapy at diagnosis improved glycemic control , was well tolerated , and contributed to improved patient satisfaction with treatment . This study also suggests that earlier use of pump therapy might help to preserve residual β-cell function , although a larger clinical trial would be required to confirm this .",patients or problem. Return null if none.,Hallucinated,0.0,insulin pump therapy,Hit (Relaxed),1.0,glycemic control and pancreatic β-cell function in type 1 diabetes,Hit (Relaxed),1.0
"[ Clinical study on treatment of endometriosis-related infertility patients by laparoscopic surgery in combination of quyu jiedu recipe ] . OBJECTIVE To study the clinical efficacy of the laparoscopic surgery in combination of Quyu Jiedu Recipe ( QYJDR ) on endometriosis ( EMs ) -related infertility patients . METHODS 130 EMs-related infertility patients of blood stasis and toxin accumulation syndrome diagnosed and treated by laparoscopic surgery were randomly assigned to two groups , i.e. , the test group ( 75 cases ) and the control group ( 55 cases ) . All patients received routine progesterone treatment after laparoscopic surgery . QYJDR was given to patients in the test group after laparoscopic surgery , lasting for twelve months . The pregnancy rate within one year after laparoscopic surgery were compared between the two groups . The Chinese medicine syndrome integrals , serum endometrium antibody ( EMAb ) and cancer antigen 125 ( CA125 ) levels were compared between before drug therapy and three months after drug therapy . RESULTS The pregnancy rate within one year after laparoscopic surgery was higher in the test group than in the control group [ 61.33 % ( 46/75 ) vs 45.45 % ( 25/55 ) ] , showing significant difference ( P < 0.05 ) . The Chinese medicine syndrome integral was ( 16.07 +/- 6.77 ) score and ( 7.25 +/- 3.27 ) score before and 3 months after drug therapy in the test group , while it was ( 15.92 +/- 7.51 ) score and ( 12.73 +/- 6.12 ) score in the control group . The Chinese medicine syndrome integral after drug therapy was lower than that before drug therapy in the same group . Besides , the integral difference between before and after drug therapy was higher in the test group than in the control group [ ( 9.12 +/- 6.16 ) score vs ( 3.48 +/- 2.06 ) score ) ] , showing statistical difference ( P < 0.05 ) . After three-month drug therapy , the serum EMAb negative conversion rate was obviously higher in the test group than in the control group ( 44.44 % vs 15.62 % ) , showing statistical difference ( P < 0.05 ) . The serum CA125 level was ( 31.88 +/- 15.78 ) U/mL before drug therapy and ( 18.82 +/- 10.08 ) U/mL three months after drug therapy in the test group , while it was ( 30.63 +/- 19.28 ) U/mL and ( 18.05 +/- 11.20 ) U/mL respectively in the control group . It was lowered after drug therapy in the two groups with statistical difference ( P < 0.05 ) . There was no statistical difference between the two groups after drug therapy ( P > 0.05 ) . CONCLUSIONS The laparoscopic surgery in combination of QYJDR could effectively improve clinical symptoms of EMs patients of blood stasis and toxin accumulation syndrome , promote negative conversion of EMAb , lower serum CA125 levels , and elevate the clinical pregnancy rate . QYJDR is an effective formula in treatment of EMs-related infertility .",endometriosis (EMs)-related infertility patients,Hit (Relaxed),1.0,laparoscopic surgery in combination of Quyu Jiedu Recipe (QYJDR),Hit (Relaxed),1.0,clinical pregnancy rate,Hit (Relaxed),1.0
"Chronic vasodilator therapy with flosequinan in congestive heart failure . This study was conducted to determine the long-term effect of flosequinan , a new orally administered arterial and venous dilator , on the clinical course of patients with moderate to severe congestive heart failure . Seventeen patients on chronic digitalis and diuretic therapy were randomized to receive either flosequinan ( n = 9 ) or placebo ( n = 8 ) in a double-blind fashion . Changes in symptomatology , exercise performance , and left ventricular function were assessed serially during the two-month treatment period . During the course of therapy , a modest improvement in the symptom scores and functional classification of the flosequinan-treated patients was observed . Flosequinan evoked a significant increase in maximal exercise capacity . While long-term flosequinan administration also effected a progressive increase in resting heart rate , it did not consistently improve indices of left ventricular systolic function . The addition of chronic vasodilator therapy with flosequinan to standard digitalis-diuretic regimens is capable of inducing clinical improvement in patients with moderate to severe chronic heart failure . Trials involving larger patient populations will be necessary to confirm the results of this preliminary study and to determine the extent of clinical improvement , subpopulations benefited , role in heart failure therapeutics , and so forth .",patients with moderate to severe congestive heart failure,Hit (Relaxed),1.0,flosequinan,Hit (Relaxed),1.0,clinical improvement,Hallucinated,0.0
"A physiotherapy service to an emergency extended care unit does not decrease admission rates to hospital : a randomised trial . BACKGROUND One of the reasons physiotherapy services are provided to emergency departments ( EDs ) and emergency extended care units ( EECUs ) is to review patients ' mobility to ensure they are safe to be discharged home . AIM To investigate whether a physiotherapy service to an EECU altered the rate of hospital admission , rate of re-presentation to the ED , visits to community healthcare practitioners , return to usual work/home/leisure activities and patient satisfaction . METHODS A randomised trial with concealed allocation , assessor blinding and intention-to-treat analysis was undertaken in an EECU . The sample comprised 186 patients ( mean age 70 years , 123 ( 66 % ) female patients , 130 ( 70 % ) trauma ) who were referred for physiotherapy assessment/intervention . Referral occurred at any stage of the patients ' EECU admission . All participants received medical/nursing care as required . The physiotherapy group also received physiotherapy assessment/intervention . RESULTS The physiotherapy group had a 4 % ( 95 % CI -18 % to 9 % ) lower rate of admission to hospital than the control group and a 4 % ( 95 % CI -6 % to 13 % ) higher rate of re-presentation to the ED , which were statistically non-significant ( p≥0.45 ) . Differences between groups for use of community healthcare resources , return to usual work/home/leisure activities and satisfaction with their EECU care were small and not significant . CONCLUSION A physiotherapy service for EECU patients , as provided in this study , did not reduce the rate of hospital admission , rate of re-presentation to the ED , use of community healthcare resources , or improve the rate of return to usual work/home/leisure activities or patient satisfaction . Trial registration number ANZCTRN12609000106235 .",patients,Hallucinated,0.0,physiotherapy service,Hit (Relaxed),1.0,hospital admission,Hit (Relaxed),1.0
"Cancer information and anxiety : applying the extended parallel process model . There is concern that public education about testicular cancer ( TC ) may cause unnecessary anxiety . Psychological theory suggests that if threat ( eg , TC ) information is accompanied with threat control strategies ( eg , testicular self-examination ; TSE ) anxiety is less likely . Male students ( N=443 ) were randomized to either a TC or TC +TSE information group or a no information control group , and assessed at three time points . Anxiety levels did not differ between the groups and exposure to TC+TSE resulted in greater perceived message benefit , increased intention to self-examine and lower message denigration . This suggests TC information is not anxiogenic , but inclusion of TSE information may improve acceptance of disease awareness information .",testicular cancer,Hallucinated,0.0,testicular self-examination,Hit (Relaxed),1.0,anxiety,Hit (Relaxed),1.0
"Quality of individual INR control and the risk of stroke and bleeding events in atrial fibrillation patients : a nested case control analysis of the ACTIVE W study . INTRODUCTION Time in therapeutic range ( TTR ) for international normalized ratio ( INR ) is an accepted quality measure of anticoagulation control in patient populations , but its usefulness for predicting stroke and bleeding in individuals is not well understood . MATERIALS AND METHODS In a nested case control analysis among ACTIVE W study patients , cases with stroke and cases with bleeding were separately matched with controls . Several anticoagulation quality measures were compared , overall and in a time-dependent manner . RESULTS 32 cases with ischemic stroke and 234 cases with bleeding in the analysis were matched in a 4:1 ratio to 122 and 865 controls , respectively . Follow-up duration was 257±154days for the stroke analysis and 222±146days for the bleeding analysis . Compared with their respective controls , the study mean TTR of both stroke cases ( 53.9 % ±25.1 vs 63.4 % ±24.8 ; p=0.055 ) and bleeding cases ( 56.2 % ±25.4 vs 63.4 % ±26.8 ; p < 0.001 ) was lower . Time below range for stroke and time above range for bleeding were only greater in the last month leading up to the event , not over the entire study period . Rather , over the entire study period bleeding cases spent more time below range than controls ( 26.8 % ±25.9 vs 20.8 % ±24.0 ; p=0.001 ) . CONCLUSIONS TTR was lower in individual AF patients with stroke or bleeding compared with matched controls in ACTIVE W. Maintaining a high TTR , with equal importance to avoid low and high INRs , is a relevant goal of individual patient treatment to prevent stroke and bleeding .",atrial fibrillation patients,Hit (Relaxed),1.0,anticoagulation control,Hallucinated,0.0,stroke and bleeding events,Hallucinated,0.0
"Use of hormonal contraceptives and risk of HIV-1 transmission : a prospective cohort study . BACKGROUND Hormonal contraceptives are used widely but their effects on HIV-1 risk are unclear . We aimed to assess the association between hormonal contraceptive use and risk of HIV-1 acquisition by women and HIV-1 transmission from HIV-1-infected women to their male partners . METHODS In this prospective study , we followed up 3790 heterosexual HIV-1-serodiscordant couples participating in two longitudinal studies of HIV-1 incidence in seven African countries . Among injectable and oral hormonal contraceptive users and non-users , we compared rates of HIV-1 acquisition by women and HIV-1 transmission from women to men . The primary outcome measure was HIV-1 seroconversion . We used Cox proportional hazards regression and marginal structural modelling to assess the effect of contraceptive use on HIV-1 risk . FINDINGS Among 1314 couples in which the HIV-1-seronegative partner was female ( median follow-up 18·0 [ IQR 12·6-24·2 ] months ) , rates of HIV-1 acquisition were 6·61 per 100 person-years in women who used hormonal contraception and 3·78 per 100 person-years in those who did not ( adjusted hazard ratio 1·98 , 95 % CI 1·06-3·68 , p=0·03 ) . Among 2476 couples in which the HIV-1-seronegative partner was male ( median follow-up 18·7 [ IQR 12·8-24·2 ] months ) , rates of HIV-1 transmission from women to men were 2·61 per 100 person-years in couples in which women used hormonal contraception and 1·51 per 100 person-years in couples in which women did not use hormonal contraception ( adjusted hazard ratio 1·97 , 95 % CI 1·12-3·45 , p=0·02 ) . Marginal structural model analyses generated much the same results to the Cox proportional hazards regression . INTERPRETATION Women should be counselled about potentially increased risk of HIV-1 acquisition and transmission with hormonal contraception , especially injectable methods , and about the importance of dual protection with condoms to decrease HIV-1 risk . Non-hormonal or low-dose hormonal contraceptive methods should be considered for women with or at-risk for HIV-1 . FUNDING US National Institutes of Health and the Bill & Melinda Gates Foundation .",women,Hallucinated,0.0,hormonal contraceptives,Hit (Relaxed),1.0,HIV-1 acquisition,Hallucinated,0.0
"A double-blind , randomized , controlled , multicenter study to assess the safety and cardiovascular effects of skeletal myoblast implantation by catheter delivery in patients with chronic heart failure after myocardial infarction . BACKGROUND We sought to determine the safety and preliminary efficacy of transcatheter intramyocardial administration of myoblasts in patients with heart failure ( HF ) . METHODS MARVEL is a randomized placebo-controlled trial of image-guided , catheter-based intramyocardial injection of placebo or myoblasts ( 400 or 800 million ) in patients with class II to IV HF and ejection fraction < 35 % . Primary end points were frequency of serious adverse events ( safety ) and changes in 6-minute walk test and Minnesota Living With HF score ( efficacy ) . Of 330 patients intended for enrollment , 23 were randomized ( MARVEL-1 ) before stopping the study for financial reasons . RESULTS At 6 months , similar numbers of events occurred in each group : 8 ( placebo ) , 7 ( low dose ) , and 8 ( high dose ) , without deaths . Ventricular tachycardia responsive to amiodarone was more frequent in myoblast-treated patients : 1 ( placebo ) , 3 ( low dose ) , and 4 ( high dose ) . A trend toward improvement in functional capacity was noted in myoblast-treated groups ( Δ6-minute walk test of -3.6 vs +95.6 vs +85.5 m [ placebo vs low dose vs high dose ; P = .50 ] ) without significant changes in Minnesota Living With HF scores . CONCLUSIONS In HF patients with chronic postinfarction cardiomyopathy , transcatheter administration of myoblasts in doses of 400 to 800 million cells is feasible and may lead to important clinical benefits . Ventricular tachycardia may be provoked by myoblast injection but appears to be a transient and treatable problem . A large-scale outcome trial of myoblast administration in HF patients with postinfarction cardiomyopathy is feasible and warranted .",patients with chronic heart failure after myocardial infarction,Hit (Relaxed),1.0,skeletal myoblast implantation by catheter delivery,Hit (Relaxed),1.0,cardiovascular effects,Hit (Relaxed),1.0
"Safety , tolerability , and immunogenicity after 1 and 2 doses of zoster vaccine in healthy adults ≥60 years of age . BACKGROUND Incidence and severity of herpes zoster ( HZ ) and postherpetic neuralgia increase with age , associated with age-related decrease in immunity to varicella-zoster virus ( VZV ) . One dose of zoster vaccine ( ZV ) has demonstrated substantial protection against HZ ; this study examined impact of a second dose of ZV . METHODS Randomized , double-blind , multicenter study with 210 subjects ≥60 years old compared immunity and safety profiles after one and two doses of ZV , separated by 6 weeks , vs. placebo . Immunogenicity was evaluated using VZV interferon-gamma ( IFN-γ ) enzyme-linked immunospot ( ELISPOT ) assay and VZV glycoprotein enzyme-linked immunosorbent antibody ( gpELISA ) assay . Adverse experiences ( AEs ) were recorded on a standardized Vaccination Report Card . RESULTS No serious vaccine-related AEs occurred . VZV IFN-γ ELISPOT geometric mean count ( GMC ) of spot-forming cells per 10 ( 6 ) peripheral blood mononuclear cells increased in the ZV group from 16.9 prevaccination to 49.5 and 32.8 at 2 and 6 weeks postdose 1 , respectively . Two weeks , 6 weeks and 6 months postdose 2 , GMC was 44.3 , 42.9 , and 36.5 , respectively . GMC in the placebo group did not change during the study . The peak ELISPOT response occurred ∼2 weeks after each ZV dose . The gpELISA geometric mean titers ( GMTs ) in the ZV group were higher than in the placebo group at 6 weeks after each dose . Correlation between the IFN-γ ELISPOT and gpELISA assays was poor . CONCLUSIONS ZV was generally well-tolerated and immunogenic in adults ≥60 years old . A second dose of ZV was generally safe , but did not boost VZV-specific immunity beyond levels achieved postdose 1 .",healthy adults ≥60 years of age,Hit (Relaxed),1.0,zoster vaccine (ZV),Hit (Relaxed),1.0,"safety, tolerability, and immunogenicity",Hit (Relaxed),1.0
"Effect of different rates of infusion of propofol for induction of anaesthesia in elderly patients . The effect of changing the rate of infusion of propofol for induction of anaesthesia was studied in 60 elderly patients . Propofol was administered at 300 , 600 or 1200 ml h-1 until loss of consciousness ( as judged by loss of verbal contact with the patient ) had been achieved . The duration of induction was significantly longer ( P less than 0.001 ) with the slower infusion rates ( 104 , 68 and 51 s ) , but the total dose used was significantly less ( P less than 0.001 ) in these patients ( 1.2 , 1.6 and 2.5 mg kg-1 , respectively ) . The decrease in systolic and diastolic arterial pressure was significantly less in the 300-ml h-1 group at the end of induction and immediately after induction ( P less than 0.01 ) . The incidence of apnoea was also significantly less in the slower infusion group .",elderly patients,Hit (Relaxed),1.0,propofol,Hit (Relaxed),1.0,loss of consciousness,Hit (Relaxed),1.0
